This is LuaHBTeX, Version 1.22.0 (TeX Live 2025)  (format=lualatex 2026.1.15)  6 MAY 2026 18:37
 restricted system commands enabled.
 file:line:error style messages enabled.
**dissertation-main-accessible.tex
(./dissertation-main-accessible.tex
LaTeX2e <2025-11-01>
L3 programming layer <2025-12-29>
Lua module: luaotfload 2024-12-03 v3.29 Lua based OpenType font support
Lua module: lualibs 2023-07-13 v2.76 ConTeXt Lua standard libraries.
Lua module: lualibs-extended 2023-07-13 v2.76 ConTeXt Lua libraries -- extended 
collection.
luaotfload | conf : Root cache directory is "/Users/bevinmaultsby/Library/texliv
e/2025/texmf-var/luatex-cache/generic/names".
luaotfload | init : Loading fontloader "fontloader-2023-12-28.lua" from kpse-res
olved path "/usr/local/texlive/2025/texmf-dist/tex/luatex/luaotfload/fontloader-
2023-12-28.lua".
Lua-only attribute luaotfload@noligature = 1
luaotfload | init : Context OpenType loader version 3.134
Inserting `luaotfload.node_processor' in `pre_linebreak_filter'.
Inserting `luaotfload.node_processor' in `hpack_filter'.
Inserting `luaotfload.glyph_stream' in `glyph_stream_provider'.
Inserting `luaotfload.define_font' in `define_font'.
Lua-only attribute luaotfload_color_attribute = 2
luaotfload | conf : Root cache directory is "/Users/bevinmaultsby/Library/texliv
e/2025/texmf-var/luatex-cache/generic/names".
Inserting `luaotfload.harf.strip_prefix' in `find_opentype_file'.
Inserting `luaotfload.harf.strip_prefix' in `find_truetype_file'.
Removing  `luaotfload.glyph_stream' from `glyph_stream_provider'.
Inserting `luaotfload.harf.glyphstream' in `glyph_stream_provider'.
Inserting `luaotfload.harf.finalize_vlist' in `post_linebreak_filter'.
Inserting `luaotfload.harf.finalize_hlist' in `hpack_filter'.
Inserting `luaotfload.cleanup_files' in `wrapup_run'.
Inserting `luaotfload.harf.finalize_unicode' in `finish_pdffile'.
Inserting `luaotfload.glyphinfo' in `glyph_info'.
Lua-only attribute luaotfload.letterspace_done = 3
Inserting `luaotfload.aux.set_sscale_dimens' in `luaotfload.patch_font'.
Inserting `luaotfload.aux.set_font_index' in `luaotfload.patch_font'.
Inserting `luaotfload.aux.patch_cambria_domh' in `luaotfload.patch_font'.
Inserting `luaotfload.aux.fixup_fontdata' in `luaotfload.patch_font_unsafe'.
Inserting `luaotfload.aux.set_capheight' in `luaotfload.patch_font'.
Inserting `luaotfload.aux.set_xheight' in `luaotfload.patch_font'.
Inserting `luaotfload.rewrite_fontname' in `luaotfload.patch_font'.
Inserting `tracingstacklevels' in `input_level_string'.
(/usr/local/texlive/2025/texmf-dist/tex/latex/latex-lab/documentmetadata-suppor
t.ltx
(/usr/local/texlive/2025/texmf-dist/tex/latex/pdfmanagement-testphase/pdfmanage
ment-testphase.sty
Package: pdfmanagement-testphase 2025-11-12 v0.96x LaTeX PDF management bundle

(/usr/local/texlive/2025/texmf-dist/tex/latex/tagpdf/tagpdf-base.sty
Package: tagpdf-base 2026-01-12 v0.99x part of tagpdf - provide base, no-op ver
sions of the user commands 
\c@g__tag_MCID_abs_int=\count273
\c@g__tag_struct_abs_int=\count274
)
(/usr/local/texlive/2025/texmf-dist/tex/latex/pdfmanagement-testphase/pdfmanage
ment.ltx
File: pdfmanagement.ltx 2025-11-12 v0.96x PDF management code
\g__pdfmanagement_EmbeddedFiles_int=\count275
\l__pdfmeta_xmp_indent_int=\count276
\g_pdffile_embed_pdfa_int=\count277
\g_pdffile_embed_nonpdfa_int=\count278
)))
(/usr/local/texlive/2025/texmf-dist/tex/latex/l3backend/l3backend-luatex.def
File: l3backend-luatex.def 2025-10-09 L3 backend support: PDF output (LuaTeX)
\l__color_backend_stack_int=\count279
Inserting `l3color' in `luaotfload.parse_color'.
Inserting `l3opacity' in `luaotfload.parse_transparent'.)
(/usr/local/texlive/2025/texmf-dist/tex/latex/pdfmanagement-testphase/l3backend
-testphase-luatex.def
File: l3backend-testphase-luatex.def 2025-11-12 v0.96s LaTeX PDF management bun
dle backend support:PDFoutput(LuaTeX)
\l__pdf_backend_tmpa_box=\box53
\l__pdf_backend_tmpb_box=\box54
\g__pdf_backend_resourceid_int=\count280
\g__pdf_backend_name_int=\count281
\g__pdf_backend_page_int=\count282
Custom whatsit pdf_link_adjust_level = 1
Inserting `linksplit' in `pre_shipout_filter'.
Lua function pdflinkadjustlevel = 31)
(/usr/local/texlive/2025/texmf-dist/tex/latex/latex-lab/latex-lab-testphase-lat
est.sty
Package: latex-lab-testphase-latest 2025-09-13 v0.1d latex-lab modules
 (/usr/local/texlive/2025/texmf-dist/tex/latex/tagpdf/tagpdf.sty
Package: tagpdf 2026-01-12 v0.99x  LaTeX kernel code for PDF tagging 
\l__tag_tmpa_int=\count283
\l__tag_tmpa_box=\box55
\l__tag_tmpb_box=\box56
\l__tag_loglevel_int=\count284
\g__tag_unique_cnt_int=\count285
\l__tag_tag_stop_int=\count286

(/usr/local/texlive/2025/texmf-dist/tex/latex/tagpdf/tagpdf-luatex.def
File: tagpdf-luatex.def 2026-01-12 v0.99x tagpdf driver for luatex
luaotfload | db : Font names database loaded from /Users/bevinmaultsby/Library/t
exlive/2025/texmf-var/luatex-cache/generic/names/luaotfload-names.luc.gz
Lua module: tagpdf 2026-01-12 v0.99x tagpdf lua code
Lua-only attribute g__tag_mc_type_attr = 4
Lua-only attribute g__tag_mc_cnt_attr = 5
Lua-only attribute g__tag_structnum_attr = 6
Lua-only attribute g__tag_interwordspaceOff_attr = 7
Lua-only attribute g__tag_interwordspace_attr = 8
Lua-only attribute g__tag_interwordfont_attr = 9
Inserting `tagpdf.rewrite-softhyphen' in `pre_shaping_filter'.
Inserting `tagpdf.rewrite-softhyphen' in `post_shaping_filter'.
Inserting `tagpdf' in `linksplit'.)
(/usr/local/texlive/2025/texmf-dist/tex/latex/tagpdf/tagpdf-mc-code-lua.sty
Package: tagpdf-mc-code-lua 2026-01-12 v0.99x tagpdf - mc code only for the lua
mode 
)
\g__tag_tree_id_pad_int=\count287
\c@g__tag_parenttree_obj_int=\count288

Package tagpdf Info: reading namespace definitions tagpdf-ns-pdf.def


Package tagpdf Info: reading namespace definitions tagpdf-ns-pdf2.def


Package tagpdf Info: reading namespace definitions tagpdf-ns-mathml.def


Package tagpdf Info: reading namespace definitions tagpdf-ns-latex-book.def


Package tagpdf Info: reading namespace definitions tagpdf-ns-latex.def


Package tagpdf Info: reading namespace definitions tagpdf-ns-latex-lab.def


Package tagpdf Info: reading namespace definitions tagpdf-ns-pdf.def


Package tagpdf Info: reading namespace definitions tagpdf-ns-pdf2.def

\g__tag_struct_AFobj_int=\count289
\g__tag_para_begin_int=\count290
\g__tag_para_end_int=\count291
\g__tag_para_main_begin_int=\count292
\g__tag_para_main_end_int=\count293
)
(/usr/local/texlive/2025/texmf-dist/tex/latex/latex-lab/latex-lab-testphase-nam
es.sty
Package: latex-lab-testphase-names 2025-08-14 v0.8f Code related to the names o
f tags
)
(/usr/local/texlive/2025/texmf-dist/tex/latex/latex-lab/latex-lab-testphase-new
-or-2.sty
Package: latex-lab-testphase-new-or-2 2025-05-10 v0.86d Changes to the output r
outine

(/usr/local/texlive/2025/texmf-dist/tex/latex/latex-lab/latex-lab-footnotes.ltx
File: latex-lab-footnotes.ltx 2025-07-04 v0.8o changes to the footnote interfac
es
\footnotemargin=\dimen147
\g_fnote_id_int=\count294
))
(/usr/local/texlive/2025/texmf-dist/tex/latex/latex-lab/latex-lab-testphase-blo
ck.sty
Package: latex-lab-testphase-block 2025-07-26 v0.9k blockenv implementation

(/usr/local/texlive/2025/texmf-dist/tex/latex/latex-lab/latex-lab-kernel-change
s.sty
Package: latex-lab-kernel-changes 2025-07-09 v0.85i General kernel and class ch
anges
 (/usr/local/texlive/2025/texmf-dist/tex/generic/pdftex/glyphtounicode.tex)
(/usr/local/texlive/2025/texmf-dist/tex/latex/latex-lab/glyphtounicode-cmex.tex
))
(/usr/local/texlive/2025/texmf-dist/tex/latex/latex-lab/latex-lab-testphase-con
text.sty
Package: latex-lab-testphase-context 2025-10-09 v0.5b Providing context for ins
tance, etc.
)

LaTeX template Info: Declaring template type 'blockenv' taking 1 argument(s)
(template)           on line 96.


LaTeX template Info: Declaring template type 'block' taking 1 argument(s) on
(template)           line 97.


LaTeX template Info: Declaring template type 'para' taking 1 argument(s) on
(template)           line 98.


LaTeX template Info: Declaring template type 'list' taking 1 argument(s) on
(template)           line 99.


LaTeX template Info: Declaring template type 'item' taking 1 argument(s) on
(template)           line 100.

\c@maxblocklevels=\count295
\l__par_start_skip=\skip49
\l__block_botsep_skip=\skip50
\l__block_parbotsep_skip=\skip51
\l__block_parindent_dim=\dimen148
\l__block_counter_start_int=\count296
\l__block_one_label_box=\box57
\g__block_labels_box=\box58
\l__block_tmpa_skip=\skip52
\l__block_topsepadd_skip=\skip53
\l__block_effective_top_skip=\skip54
LaTeX Info: Redefining \centering on input line 1476.
LaTeX Info: Redefining \raggedleft on input line 1477.
LaTeX Info: Redefining \raggedright on input line 1478.
)
(/usr/local/texlive/2025/texmf-dist/tex/latex/latex-lab/latex-lab-testphase-sec
.sty
Package: latex-lab-testphase-sec 2025-10-20 v0.84k Code related to the tagging 
of sectioning commands
)
(/usr/local/texlive/2025/texmf-dist/tex/latex/latex-lab/latex-lab-testphase-toc
.sty
Package: latex-lab-testphase-toc 2025-07-02 v0.85h  Code related to the tagging
 of toc-like lists
\g__tag_toc_level_int=\count297
)
(/usr/local/texlive/2025/texmf-dist/tex/latex/latex-lab/latex-lab-testphase-min
ipage.sty
Package: latex-lab-testphase-minipage 2025-05-10 v0.81g Code related to the tag
ging of minipages and parboxes

(/usr/local/texlive/2025/texmf-dist/tex/latex/latex-lab/latex-lab-testphase-new
-or-1.sty
Package: latex-lab-testphase-new-or-1 2025-05-10 v0.85d Temporary output patche
s for tagging and better link support -- no longer active
))
(/usr/local/texlive/2025/texmf-dist/tex/latex/latex-lab/latex-lab-testphase-gra
phic.sty
Package: latex-lab-testphase-graphic 2025-09-25 v0.80i Code related to the tagg
ing of graphics
\g__tag_graphic_int=\count298
)
(/usr/local/texlive/2025/texmf-dist/tex/latex/latex-lab/latex-lab-testphase-flo
at.sty
Package: latex-lab-testphase-float 2025-10-17 v0.81l Code related to the taggin
g of floats
\g__tag_float_int=\count299
)
(/usr/local/texlive/2025/texmf-dist/tex/latex/latex-lab/latex-lab-testphase-bib
.sty
Package: latex-lab-testphase-bib 2025-05-09 v0.81c Code related to the tagging 
of bibliography and cite command
)
(/usr/local/texlive/2025/texmf-dist/tex/latex/latex-lab/latex-lab-testphase-tex
t.sty
Package: latex-lab-testphase-text 2025-05-10 v0.85f Code related to the tagging
 of various small text commands
LaTeX Info: Redefining \mbox on input line 84.
)
(/usr/local/texlive/2025/texmf-dist/tex/latex/latex-lab/latex-lab-testphase-mar
ginpar.sty
Package: latex-lab-testphase-marginpar 2025-07-23 v0.85h Changes related to the
 tagging of the margin notes
\g__kernel_marginpar_int=\count300
)
(/usr/local/texlive/2025/texmf-dist/tex/latex/latex-lab/latex-lab-testphase-tit
le.sty
Package: latex-lab-testphase-title 2025-03-08 v0.85d Changes related to the tag
ging of the title
)
(/usr/local/texlive/2025/texmf-dist/tex/latex/latex-lab/latex-lab-testphase-tab
le.sty
Package: latex-lab-testphase-table 2025-08-01 v0.85s Code related to the taggin
g of tables
 (/usr/local/texlive/2025/texmf-dist/tex/latex/tools/array.sty
Package: array 2025/09/25 v2.6n Tabular extension package (FMi)
\col@sep=\dimen149
\ar@mcellbox=\box59
\extrarowheight=\dimen150
\NC@list=\toks17
\extratabsurround=\skip55
\backup@length=\skip56
\ar@cellbox=\box60
))
(/usr/local/texlive/2025/texmf-dist/tex/latex/latex-lab/latex-lab-testphase-mat
h.sty
Package: latex-lab-testphase-math 2025-03-10 v0.8d code related to the math tag
ging

(/usr/local/texlive/2025/texmf-dist/tex/latex/latex-lab/latex-lab-math.ltx
File: latex-lab-math.ltx 2025-10-02 v0.6w Grab all the math(s) and tag it (expe
riments)
\l__math_tmpa_skip=\skip57
\g__math_mathml_total_int=\count301
\g__math_mathml_int=\count302
\g__math_math_total_int=\count303
\g__math_mathml_AF_found_int=\count304
\g__math_mathml_AF_attached_int=\count305
\l__math_tmpa_box=\box61
\l__math_mathstyle_int=\count306
\g__math_mathchoice_int=\count307
\l__math_grab_env_int=\count308
\g__math_postdisplaypenalty_int=\count309
)
(/usr/local/texlive/2025/texmf-dist/tex/latex/latex-lab/latex-lab-mathpkg.ltx
File: latex-lab-mathpkg.ltx 2025-06-20 v0.1c mathpkg adaptions
)
(/usr/local/texlive/2025/texmf-dist/tex/latex/latex-lab/latex-lab-mathintent.lt
x
File: latex-lab-mathintent.ltx 2025-08-03 v0.1c MathML intent attributes
))
(/usr/local/texlive/2025/texmf-dist/tex/latex/latex-lab/latex-lab-testphase-fir
staid.sty
Package: latex-lab-testphase-firstaid 2025-11-03 v2025-11-03 Temporary patches 
to external packages needed for the tagging project
)
(/usr/local/texlive/2025/texmf-dist/tex/latex/latex-lab/latex-lab-testphase-tik
z.sty
Package: latex-lab-testphase-tikz 2025-09-27 v0.80d Code related to the tagging
 of tikz pictures
))
(/usr/local/texlive/2025/texmf-dist/tex/latex/pdfmanagement-testphase/pdfmanage
ment-firstaid.sty
Package: pdfmanagement-firstaid 2025-11-12 v0.96x LaTeX PDF management bundle /
 firstaid-patches

Package pdfmanagement Info: loading pdfmanagement firstaid code for pgf

)
Inserting `markspaces' in `pre_linebreak_filter'.
Inserting `markspaces' in `hpack_filter'. (./ncsuthesis.cls
Document Class: ncsuthesis 2012/01/26 v0.4 NC State ETD conformant thesis class

(/usr/local/texlive/2025/texmf-dist/tex/latex/base/book.cls
Document Class: book 2025/01/22 v1.4n Standard LaTeX document class
(/usr/local/texlive/2025/texmf-dist/tex/latex/base/bk12.clo
File: bk12.clo 2025/01/22 v1.4n Standard LaTeX file (size option)
)
\c@part=\count310
\c@chapter=\count311
\c@section=\count312
\c@subsection=\count313
\c@subsubsection=\count314
\c@paragraph=\count315
\c@subparagraph=\count316
\c@figure=\count317
\c@table=\count318
\abovecaptionskip=\skip58
\belowcaptionskip=\skip59
\bibindent=\dimen151
)
(/usr/local/texlive/2025/texmf-dist/tex/latex/setspace/setspace.sty
Package: setspace 2022/12/04 v6.7b set line spacing
)
(/usr/local/texlive/2025/texmf-dist/tex/latex/hyphenat/hyphenat.sty
Package: hyphenat 2009/09/02 v2.3c hyphenation utilities
\langwohyphens=\language2
LaTeX Info: Redefining \_ on input line 43.
)
(/usr/local/texlive/2025/texmf-dist/tex/latex/nolbreaks/nolbreaks.sty
Package: nolbreaks 2012/05/31  v 1.2  - no linebreaks in text
\nb@counter=\count319
\nb@RestHyph=\toks18
)
(/usr/local/texlive/2025/texmf-dist/tex/latex/base/ifthen.sty
Package: ifthen 2024/03/16 v1.1e Standard LaTeX ifthen package (DPC)
)
(/usr/local/texlive/2025/texmf-dist/tex/latex/sectsty/sectsty.sty
Package: sectsty 2002/02/25 v2.0.2 Commands to change all sectional heading sty
les


LaTeX Warning: Command \underbar  has changed.
               Check if current package is valid.


LaTeX Warning: Command \underline  has changed.
               Check if current package is valid.

) (/usr/local/texlive/2025/texmf-dist/tex/latex/graphics/graphicx.sty
Package: graphicx 2024/12/31 v1.2e Enhanced LaTeX Graphics (DPC,SPQR)

(/usr/local/texlive/2025/texmf-dist/tex/latex/graphics/keyval.sty
Package: keyval 2022/05/29 v1.15 key=value parser (DPC)
\KV@toks@=\toks19
)
(/usr/local/texlive/2025/texmf-dist/tex/latex/graphics/graphics.sty
Package: graphics 2024/08/06 v1.4g Standard LaTeX Graphics (DPC,SPQR)

(/usr/local/texlive/2025/texmf-dist/tex/latex/graphics/trig.sty
Package: trig 2023/12/02 v1.11 sin cos tan (DPC)
)
(/usr/local/texlive/2025/texmf-dist/tex/latex/graphics-cfg/graphics.cfg
File: graphics.cfg 2016/06/04 v1.11 sample graphics configuration
)
Package graphics Info: Driver file: luatex.def on input line 106.

(/usr/local/texlive/2025/texmf-dist/tex/latex/graphics-def/luatex.def
File: luatex.def 2025/09/29 v1.2f Graphics/color driver for luatex
))
\Gin@req@height=\dimen152
\Gin@req@width=\dimen153
)
(/usr/local/texlive/2025/texmf-dist/tex/latex/tocbibind/tocbibind.sty
Package: tocbibind 2010/10/13 v1.5k extra ToC listings
Package tocbibind Info: The document has chapter divisions on input line 50.


Package tocbibind Note: Using chapter style headings, unless overridden.

) (/usr/local/texlive/2025/texmf-dist/tex/latex/tools/calc.sty
Package: calc 2025/03/01 v4.3b Infix arithmetic (KKT,FJ)
\calc@Acount=\count320
\calc@Bcount=\count321
\calc@Adimen=\dimen154
\calc@Bdimen=\dimen155
\calc@Askip=\skip60
\calc@Bskip=\skip61
LaTeX Info: Redefining \setlength on input line 86.
LaTeX Info: Redefining \addtolength on input line 87.
\calc@Ccount=\count322
\calc@Cskip=\skip62
)
\ncsu@capitalheight=\skip63
\ncsu@lineheight=\skip64
\ncsu@leading=\skip65
\ncsu@footskip=\skip66

(/usr/local/texlive/2025/texmf-dist/tex/latex/geometry/geometry.sty
Package: geometry 2020/01/02 v5.9 Page Geometry

(/usr/local/texlive/2025/texmf-dist/tex/generic/iftex/ifvtex.sty
Package: ifvtex 2019/10/25 v1.7 ifvtex legacy package. Use iftex instead.

(/usr/local/texlive/2025/texmf-dist/tex/generic/iftex/iftex.sty
Package: iftex 2024/12/12 v1.0g TeX engine tests
))
\Gm@cnth=\count323
\Gm@cntv=\count324
\c@Gm@tempcnt=\count325
\Gm@bindingoffset=\dimen156
\Gm@wd@mp=\dimen157
\Gm@odd@mp=\dimen158
\Gm@even@mp=\dimen159
\Gm@layoutwidth=\dimen160
\Gm@layoutheight=\dimen161
\Gm@layouthoffset=\dimen162
\Gm@layoutvoffset=\dimen163
\Gm@dimlist=\toks20
)
\ncsu@afterschapsep=\skip67
\ncsu@afterschapbeforeleadingsep=\skip68
\cftbeforechapskip=\skip69
\cftbeforesecskip=\skip70
\cftchapindent=\skip71
\cftsecindent=\skip72
\cftsubsecindent=\skip73
\cftsecnumwidth=\skip74

(/usr/local/texlive/2025/texmf-dist/tex/latex/pdflscape/pdflscape.sty
Package: pdflscape 2025-06-23 v0.14 Display of landscape pages in PDF

(/usr/local/texlive/2025/texmf-dist/tex/latex/graphics/lscape.sty
Package: lscape 2020/05/28 v3.02 Landscape Pages (DPC)
))
(/usr/local/texlive/2025/texmf-dist/tex/latex/fancyhdr/fancyhdr.sty
Package: fancyhdr 2025/02/07 v5.2 Extensive control of page headers and footers

\f@nch@headwidth=\skip75
\f@nch@offset@elh=\skip76
\f@nch@offset@erh=\skip77
\f@nch@offset@olh=\skip78
\f@nch@offset@orh=\skip79
\f@nch@offset@elf=\skip80
\f@nch@offset@erf=\skip81
\f@nch@offset@olf=\skip82
\f@nch@offset@orf=\skip83
\f@nch@height=\skip84
\f@nch@footalignment=\skip85
\f@nch@widthL=\skip86
\f@nch@widthC=\skip87
\f@nch@widthR=\skip88
\@temptokenb=\toks21
)
(/usr/local/texlive/2025/texmf-dist/tex/latex/graphics/rotating.sty
Package: rotating 2025/01/14 v2.16e rotated objects in LaTeX
\c@r@tfl@t=\count326
\rotFPtop=\skip89
\rotFPbot=\skip90
\rot@float@box=\box62
\rot@mess@toks=\toks22
)
\portraittextheight=\skip91
\portraittextwidth=\skip92

(/usr/local/texlive/2025/texmf-dist/tex/latex/tools/afterpage.sty
Package: afterpage 2023/07/04 v1.08 After-Page Package (DPC)
\AP@output=\toks23
\AP@partial=\box63
\AP@footins=\box64
)
(./changepage.sty
Package: changepage 2009/10/20 v1.0c check page and change page layout
\c@cp@cntr=\count327
\cp@tempcnt=\count328
)
(/usr/local/texlive/2025/texmf-dist/tex/latex/caption/caption.sty
Package: caption 2023/08/05 v3.6o Customizing captions (AR)

(/usr/local/texlive/2025/texmf-dist/tex/latex/caption/caption3.sty
Package: caption3 2023/07/31 v2.4d caption3 kernel (AR)
\caption@tempdima=\dimen164
\captionmargin=\dimen165
\caption@leftmargin=\dimen166
\caption@rightmargin=\dimen167
\caption@width=\dimen168
\caption@indent=\dimen169
\caption@parindent=\dimen170
\caption@hangindent=\dimen171
Package caption Info: Standard document class detected.
)
\c@caption@flags=\count329
\c@continuedfloat=\count330
Package caption Info: changepage package is loaded.
\caption@adjustwidth@hsize=\dimen172
\caption@adjustwidth@linewidth=\dimen173
Package caption Info: rotating package is loaded.
)
\appendixwidth=\skip93

(/usr/local/texlive/2025/texmf-dist/tex/latex/totcount/totcount.sty
Package: totcount 2011/01/25 v1.2 package for gettingthe total value of LaTeX c
ounters
)
\c@chapter@totc=\count331
)
(./ncsu-accessibility.sty
Package: ncsu-accessibility 2026/04/30 First-pass accessibility helpers for NC 
State ETDs

(/usr/local/texlive/2025/texmf-dist/tex/latex/l3packages/xparse/xparse.sty
(/usr/local/texlive/2025/texmf-dist/tex/latex/l3kernel/expl3.sty
Package: expl3 2025-12-29 L3 programming layer (loader) 
)
Package: xparse 2025-10-09 L3 Experimental document command parser
)
(/usr/local/texlive/2025/texmf-dist/tex/latex/booktabs/booktabs.sty
Package: booktabs 2020/01/12 v1.61803398 Publication quality tables
\heavyrulewidth=\dimen174
\lightrulewidth=\dimen175
\cmidrulewidth=\dimen176
\belowrulesep=\dimen177
\belowbottomsep=\dimen178
\aboverulesep=\dimen179
\abovetopsep=\dimen180
\cmidrulesep=\dimen181
\cmidrulekern=\dimen182
\defaultaddspace=\dimen183
\@cmidla=\count332
\@cmidlb=\count333
\@aboverulesep=\dimen184
\@belowrulesep=\dimen185
\@thisruleclass=\count334
\@lastruleclass=\count335
\@thisrulewidth=\dimen186
)
(/usr/local/texlive/2025/texmf-dist/tex/latex/tools/longtable.sty
Package: longtable 2025-10-13 v4.24 Multi-page Table package (DPC)
\LTleft=\skip94
\LTright=\skip95
\LTpre=\skip96
\LTpost=\skip97
\LTchunksize=\count336
\LTcapwidth=\dimen187
\LT@head=\box65
\LT@firsthead=\box66
\LT@foot=\box67
\LT@lastfoot=\box68
\LT@gbox=\box69
\LT@cols=\count337
\LT@rows=\count338
\c@LT@tables=\count339
\c@LT@chunks=\count340
\LT@p@ftn=\toks24
)
(/usr/local/texlive/2025/texmf-dist/tex/latex/tools/tabularx.sty
Package: tabularx 2023/12/11 v2.12a `tabularx' package (DPC)
\TX@col@width=\dimen188
\TX@old@table=\dimen189
\TX@old@col=\dimen190
\TX@target=\dimen191
\TX@delta=\dimen192
\TX@cols=\count341
\TX@ftn=\toks25
))
(/usr/local/texlive/2025/texmf-dist/tex/latex/fontspec/fontspec.sty
Package: fontspec 2025/09/29 v2.9g Font selection for XeLaTeX and LuaLaTeX
Lua module: fontspec 2025/09/29 v2.9g Font selection for XeLaTeX and LuaLaTeX
(/usr/local/texlive/2025/texmf-dist/tex/latex/fontspec/fontspec-luatex.sty
Package: fontspec-luatex 2025/09/29 v2.9g Font selection for XeLaTeX and LuaLaT
eX
\l__fontspec_script_int=\count342
\l__fontspec_language_int=\count343
\l__fontspec_strnum_int=\count344
\l__fontspec_tmp_int=\count345
\l__fontspec_tmpa_int=\count346
\l__fontspec_tmpb_int=\count347
\l__fontspec_tmpc_int=\count348
\l__fontspec_em_int=\count349
\l__fontspec_emdef_int=\count350
\l__fontspec_strong_int=\count351
\l__fontspec_strongdef_int=\count352
\l__fontspec_tmpa_dim=\dimen193
\l__fontspec_tmpb_dim=\dimen194
\l__fontspec_tmpc_dim=\dimen195

(/usr/local/texlive/2025/texmf-dist/tex/latex/base/fontenc.sty
Package: fontenc 2025/07/18 v2.1d Standard LaTeX package
)
(/usr/local/texlive/2025/texmf-dist/tex/latex/fontspec/fontspec.cfg)))
(/usr/local/texlive/2025/texmf-dist/tex/latex/unicode-math/unicode-math.sty
Package: unicode-math 2023/08/13 v0.8r Unicode maths in XeLaTeX and LuaLaTeX

(/usr/local/texlive/2025/texmf-dist/tex/latex/unicode-math/unicode-math-luatex.
sty
Package: unicode-math-luatex 2023/08/13 v0.8r Unicode maths in XeLaTeX and LuaL
aTeX

(/usr/local/texlive/2025/texmf-dist/tex/latex/l3packages/l3keys2e/l3keys2e.sty
Package: l3keys2e 2025-10-09 LaTeX2e option processing using LaTeX3 keys
) (/usr/local/texlive/2025/texmf-dist/tex/latex/base/fix-cm.sty
Package: fix-cm 2020/11/24 v1.1t fixes to LaTeX

(/usr/local/texlive/2025/texmf-dist/tex/latex/base/ts1enc.def
File: ts1enc.def 2001/06/05 v3.0e (jk/car/fm) Standard LaTeX file
LaTeX Font Info:    Redeclaring font encoding TS1 on input line 47.
LaTeX Encoding Info:    Redeclaring text command \capitalcedilla (encoding TS1)
 on input line 49.
LaTeX Encoding Info:    Redeclaring text command \capitalogonek (encoding TS1) 
on input line 52.
LaTeX Encoding Info:    Redeclaring text command \capitalgrave (encoding TS1) o
n input line 55.
LaTeX Encoding Info:    Redeclaring text command \capitalacute (encoding TS1) o
n input line 56.
LaTeX Encoding Info:    Redeclaring text command \capitalcircumflex (encoding T
S1) on input line 57.
LaTeX Encoding Info:    Redeclaring text command \capitaltilde (encoding TS1) o
n input line 58.
LaTeX Encoding Info:    Redeclaring text command \capitaldieresis (encoding TS1
) on input line 59.
LaTeX Encoding Info:    Redeclaring text command \capitalhungarumlaut (encoding
 TS1) on input line 60.
LaTeX Encoding Info:    Redeclaring text command \capitalring (encoding TS1) on
 input line 61.
LaTeX Encoding Info:    Redeclaring text command \capitalcaron (encoding TS1) o
n input line 62.
LaTeX Encoding Info:    Redeclaring text command \capitalbreve (encoding TS1) o
n input line 63.
LaTeX Encoding Info:    Redeclaring text command \capitalmacron (encoding TS1) 
on input line 64.
LaTeX Encoding Info:    Redeclaring text command \capitaldotaccent (encoding TS
1) on input line 65.
LaTeX Encoding Info:    Redeclaring text command \t (encoding TS1) on input lin
e 66.
LaTeX Encoding Info:    Redeclaring text command \capitaltie (encoding TS1) on 
input line 67.
LaTeX Encoding Info:    Redeclaring text command \newtie (encoding TS1) on inpu
t line 68.
LaTeX Encoding Info:    Redeclaring text command \capitalnewtie (encoding TS1) 
on input line 69.
LaTeX Encoding Info:    Redeclaring text symbol \textcapitalcompwordmark (encod
ing TS1) on input line 70.
LaTeX Encoding Info:    Redeclaring text symbol \textascendercompwordmark (enco
ding TS1) on input line 71.
LaTeX Encoding Info:    Redeclaring text symbol \textquotestraightbase (encodin
g TS1) on input line 72.
LaTeX Encoding Info:    Redeclaring text symbol \textquotestraightdblbase (enco
ding TS1) on input line 73.
LaTeX Encoding Info:    Redeclaring text symbol \texttwelveudash (encoding TS1)
 on input line 74.
LaTeX Encoding Info:    Redeclaring text symbol \textthreequartersemdash (encod
ing TS1) on input line 75.
LaTeX Encoding Info:    Redeclaring text symbol \textleftarrow (encoding TS1) o
n input line 76.
LaTeX Encoding Info:    Redeclaring text symbol \textrightarrow (encoding TS1) 
on input line 77.
LaTeX Encoding Info:    Redeclaring text symbol \textblank (encoding TS1) on in
put line 78.
LaTeX Encoding Info:    Redeclaring text symbol \textdollar (encoding TS1) on i
nput line 79.
LaTeX Encoding Info:    Redeclaring text symbol \textquotesingle (encoding TS1)
 on input line 80.
LaTeX Encoding Info:    Redeclaring text command \textasteriskcentered (encodin
g TS1) on input line 81.
LaTeX Encoding Info:    Redeclaring text symbol \textdblhyphen (encoding TS1) o
n input line 92.
LaTeX Encoding Info:    Redeclaring text symbol \textfractionsolidus (encoding 
TS1) on input line 93.
LaTeX Encoding Info:    Redeclaring text symbol \textzerooldstyle (encoding TS1
) on input line 94.
LaTeX Encoding Info:    Redeclaring text symbol \textoneoldstyle (encoding TS1)
 on input line 95.
LaTeX Encoding Info:    Redeclaring text symbol \texttwooldstyle (encoding TS1)
 on input line 96.
LaTeX Encoding Info:    Redeclaring text symbol \textthreeoldstyle (encoding TS
1) on input line 97.
LaTeX Encoding Info:    Redeclaring text symbol \textfouroldstyle (encoding TS1
) on input line 98.
LaTeX Encoding Info:    Redeclaring text symbol \textfiveoldstyle (encoding TS1
) on input line 99.
LaTeX Encoding Info:    Redeclaring text symbol \textsixoldstyle (encoding TS1)
 on input line 100.
LaTeX Encoding Info:    Redeclaring text symbol \textsevenoldstyle (encoding TS
1) on input line 101.
LaTeX Encoding Info:    Redeclaring text symbol \texteightoldstyle (encoding TS
1) on input line 102.
LaTeX Encoding Info:    Redeclaring text symbol \textnineoldstyle (encoding TS1
) on input line 103.
LaTeX Encoding Info:    Redeclaring text symbol \textlangle (encoding TS1) on i
nput line 104.
LaTeX Encoding Info:    Redeclaring text symbol \textminus (encoding TS1) on in
put line 105.
LaTeX Encoding Info:    Redeclaring text symbol \textrangle (encoding TS1) on i
nput line 106.
LaTeX Encoding Info:    Redeclaring text symbol \textmho (encoding TS1) on inpu
t line 107.
LaTeX Encoding Info:    Redeclaring text symbol \textbigcircle (encoding TS1) o
n input line 108.
LaTeX Encoding Info:    Redeclaring text command \textcircled (encoding TS1) on
 input line 109.
LaTeX Encoding Info:    Redeclaring text symbol \textohm (encoding TS1) on inpu
t line 115.
LaTeX Encoding Info:    Redeclaring text symbol \textlbrackdbl (encoding TS1) o
n input line 116.
LaTeX Encoding Info:    Redeclaring text symbol \textrbrackdbl (encoding TS1) o
n input line 117.
LaTeX Encoding Info:    Redeclaring text symbol \textuparrow (encoding TS1) on 
input line 118.
LaTeX Encoding Info:    Redeclaring text symbol \textdownarrow (encoding TS1) o
n input line 119.
LaTeX Encoding Info:    Redeclaring text symbol \textasciigrave (encoding TS1) 
on input line 120.
LaTeX Encoding Info:    Redeclaring text symbol \textborn (encoding TS1) on inp
ut line 121.
LaTeX Encoding Info:    Redeclaring text symbol \textdivorced (encoding TS1) on
 input line 122.
LaTeX Encoding Info:    Redeclaring text symbol \textdied (encoding TS1) on inp
ut line 123.
LaTeX Encoding Info:    Redeclaring text symbol \textleaf (encoding TS1) on inp
ut line 124.
LaTeX Encoding Info:    Redeclaring text symbol \textmarried (encoding TS1) on 
input line 125.
LaTeX Encoding Info:    Redeclaring text symbol \textmusicalnote (encoding TS1)
 on input line 126.
LaTeX Encoding Info:    Redeclaring text symbol \texttildelow (encoding TS1) on
 input line 127.
LaTeX Encoding Info:    Redeclaring text symbol \textdblhyphenchar (encoding TS
1) on input line 128.
LaTeX Encoding Info:    Redeclaring text symbol \textasciibreve (encoding TS1) 
on input line 129.
LaTeX Encoding Info:    Redeclaring text symbol \textasciicaron (encoding TS1) 
on input line 130.
LaTeX Encoding Info:    Redeclaring text symbol \textacutedbl (encoding TS1) on
 input line 131.
LaTeX Encoding Info:    Redeclaring text symbol \textgravedbl (encoding TS1) on
 input line 132.
LaTeX Encoding Info:    Redeclaring text symbol \textdagger (encoding TS1) on i
nput line 133.
LaTeX Encoding Info:    Redeclaring text symbol \textdaggerdbl (encoding TS1) o
n input line 134.
LaTeX Encoding Info:    Redeclaring text symbol \textbardbl (encoding TS1) on i
nput line 135.
LaTeX Encoding Info:    Redeclaring text symbol \textperthousand (encoding TS1)
 on input line 136.
LaTeX Encoding Info:    Redeclaring text symbol \textbullet (encoding TS1) on i
nput line 137.
LaTeX Encoding Info:    Redeclaring text symbol \textcelsius (encoding TS1) on 
input line 138.
LaTeX Encoding Info:    Redeclaring text symbol \textdollaroldstyle (encoding T
S1) on input line 139.
LaTeX Encoding Info:    Redeclaring text symbol \textcentoldstyle (encoding TS1
) on input line 140.
LaTeX Encoding Info:    Redeclaring text symbol \textflorin (encoding TS1) on i
nput line 141.
LaTeX Encoding Info:    Redeclaring text symbol \textcolonmonetary (encoding TS
1) on input line 142.
LaTeX Encoding Info:    Redeclaring text symbol \textwon (encoding TS1) on inpu
t line 143.
LaTeX Encoding Info:    Redeclaring text symbol \textnaira (encoding TS1) on in
put line 144.
LaTeX Encoding Info:    Redeclaring text symbol \textguarani (encoding TS1) on 
input line 145.
LaTeX Encoding Info:    Redeclaring text symbol \textpeso (encoding TS1) on inp
ut line 146.
LaTeX Encoding Info:    Redeclaring text symbol \textlira (encoding TS1) on inp
ut line 147.
LaTeX Encoding Info:    Redeclaring text symbol \textrecipe (encoding TS1) on i
nput line 148.
LaTeX Encoding Info:    Redeclaring text symbol \textinterrobang (encoding TS1)
 on input line 149.
LaTeX Encoding Info:    Redeclaring text symbol \textinterrobangdown (encoding 
TS1) on input line 150.
LaTeX Encoding Info:    Redeclaring text symbol \textdong (encoding TS1) on inp
ut line 151.
LaTeX Encoding Info:    Redeclaring text symbol \texttrademark (encoding TS1) o
n input line 152.
LaTeX Encoding Info:    Redeclaring text symbol \textpertenthousand (encoding T
S1) on input line 153.
LaTeX Encoding Info:    Redeclaring text symbol \textpilcrow (encoding TS1) on 
input line 154.
LaTeX Encoding Info:    Redeclaring text symbol \textbaht (encoding TS1) on inp
ut line 155.
LaTeX Encoding Info:    Redeclaring text symbol \textnumero (encoding TS1) on i
nput line 156.
LaTeX Encoding Info:    Redeclaring text symbol \textdiscount (encoding TS1) on
 input line 157.
LaTeX Encoding Info:    Redeclaring text symbol \textestimated (encoding TS1) o
n input line 158.
LaTeX Encoding Info:    Redeclaring text symbol \textopenbullet (encoding TS1) 
on input line 159.
LaTeX Encoding Info:    Redeclaring text symbol \textservicemark (encoding TS1)
 on input line 160.
LaTeX Encoding Info:    Redeclaring text symbol \textlquill (encoding TS1) on i
nput line 161.
LaTeX Encoding Info:    Redeclaring text symbol \textrquill (encoding TS1) on i
nput line 162.
LaTeX Encoding Info:    Redeclaring text symbol \textcent (encoding TS1) on inp
ut line 163.
LaTeX Encoding Info:    Redeclaring text symbol \textsterling (encoding TS1) on
 input line 164.
LaTeX Encoding Info:    Redeclaring text symbol \textcurrency (encoding TS1) on
 input line 165.
LaTeX Encoding Info:    Redeclaring text symbol \textyen (encoding TS1) on inpu
t line 166.
LaTeX Encoding Info:    Redeclaring text symbol \textbrokenbar (encoding TS1) o
n input line 167.
LaTeX Encoding Info:    Redeclaring text symbol \textsection (encoding TS1) on 
input line 168.
LaTeX Encoding Info:    Redeclaring text symbol \textasciidieresis (encoding TS
1) on input line 169.
LaTeX Encoding Info:    Redeclaring text symbol \textcopyright (encoding TS1) o
n input line 170.
LaTeX Encoding Info:    Redeclaring text symbol \textordfeminine (encoding TS1)
 on input line 171.
LaTeX Encoding Info:    Redeclaring text symbol \textcopyleft (encoding TS1) on
 input line 172.
LaTeX Encoding Info:    Redeclaring text symbol \textlnot (encoding TS1) on inp
ut line 173.
LaTeX Encoding Info:    Redeclaring text symbol \textcircledP (encoding TS1) on
 input line 174.
LaTeX Encoding Info:    Redeclaring text symbol \textregistered (encoding TS1) 
on input line 175.
LaTeX Encoding Info:    Redeclaring text symbol \textasciimacron (encoding TS1)
 on input line 176.
LaTeX Encoding Info:    Redeclaring text symbol \textdegree (encoding TS1) on i
nput line 177.
LaTeX Encoding Info:    Redeclaring text symbol \textpm (encoding TS1) on input
 line 178.
LaTeX Encoding Info:    Redeclaring text symbol \texttwosuperior (encoding TS1)
 on input line 179.
LaTeX Encoding Info:    Redeclaring text symbol \textthreesuperior (encoding TS
1) on input line 180.
LaTeX Encoding Info:    Redeclaring text symbol \textasciiacute (encoding TS1) 
on input line 181.
LaTeX Encoding Info:    Redeclaring text symbol \textmu (encoding TS1) on input
 line 182.
LaTeX Encoding Info:    Redeclaring text symbol \textparagraph (encoding TS1) o
n input line 183.
LaTeX Encoding Info:    Redeclaring text symbol \textperiodcentered (encoding T
S1) on input line 184.
LaTeX Encoding Info:    Redeclaring text symbol \textreferencemark (encoding TS
1) on input line 185.
LaTeX Encoding Info:    Redeclaring text symbol \textonesuperior (encoding TS1)
 on input line 186.
LaTeX Encoding Info:    Redeclaring text symbol \textordmasculine (encoding TS1
) on input line 187.
LaTeX Encoding Info:    Redeclaring text symbol \textsurd (encoding TS1) on inp
ut line 188.
LaTeX Encoding Info:    Redeclaring text symbol \textonequarter (encoding TS1) 
on input line 189.
LaTeX Encoding Info:    Redeclaring text symbol \textonehalf (encoding TS1) on 
input line 190.
LaTeX Encoding Info:    Redeclaring text symbol \textthreequarters (encoding TS
1) on input line 191.
LaTeX Encoding Info:    Redeclaring text symbol \texteuro (encoding TS1) on inp
ut line 192.
LaTeX Encoding Info:    Redeclaring text symbol \texttimes (encoding TS1) on in
put line 193.
LaTeX Encoding Info:    Redeclaring text symbol \textdiv (encoding TS1) on inpu
t line 194.
))
(/usr/local/texlive/2025/texmf-dist/tex/latex/amsmath/amsmath.sty
Package: amsmath 2025/07/09 v2.17z AMS math features
\@mathmargin=\skip98

For additional information on amsmath, use the `?' option.
(/usr/local/texlive/2025/texmf-dist/tex/latex/amsmath/amstext.sty
Package: amstext 2024/11/17 v2.01 AMS text

(/usr/local/texlive/2025/texmf-dist/tex/latex/amsmath/amsgen.sty
File: amsgen.sty 1999/11/30 v2.0 generic functions
\@emptytoks=\toks26
\ex@=\dimen196
))
(/usr/local/texlive/2025/texmf-dist/tex/latex/amsmath/amsbsy.sty
Package: amsbsy 1999/11/29 v1.2d Bold Symbols
\pmbraise@=\dimen197
)
(/usr/local/texlive/2025/texmf-dist/tex/latex/amsmath/amsopn.sty
Package: amsopn 2022/04/08 v2.04 operator names
)
\inf@bad=\count353
LaTeX Info: Redefining \frac on input line 235.
\uproot@=\count354
\leftroot@=\count355
LaTeX Info: Redefining \overline on input line 398.
LaTeX Info: Redefining \colon on input line 409.
\classnum@=\count356
\DOTSCASE@=\count357
LaTeX Info: Redefining \ldots on input line 495.
LaTeX Info: Redefining \dots on input line 498.
LaTeX Info: Redefining \cdots on input line 619.
\Mathstrutbox@=\box70
\strutbox@=\box71
LaTeX Info: Redefining \big on input line 721.
LaTeX Info: Redefining \Big on input line 722.
LaTeX Info: Redefining \bigg on input line 723.
LaTeX Info: Redefining \Bigg on input line 724.
\big@size=\dimen198
LaTeX Font Info:    Redeclaring font encoding OML on input line 742.
LaTeX Font Info:    Redeclaring font encoding OMS on input line 743.
\macc@depth=\count358
LaTeX Info: Redefining \bmod on input line 904.
LaTeX Info: Redefining \pmod on input line 909.
LaTeX Info: Redefining \smash on input line 939.
LaTeX Info: Redefining \relbar on input line 969.
LaTeX Info: Redefining \Relbar on input line 970.
\c@MaxMatrixCols=\count359
\dotsspace@=\muskip17
\c@parentequation=\count360
\dspbrk@lvl=\count361
\tag@help=\toks27
\row@=\count362
\column@=\count363
\maxfields@=\count364
\andhelp@=\toks28
\eqnshift@=\dimen199
\alignsep@=\dimen256
\tagshift@=\dimen257
\tagwidth@=\dimen258
\totwidth@=\dimen259
\lineht@=\dimen260
\@envbody=\toks29
\multlinegap=\skip99
\multlinetaggap=\skip100
\mathdisplay@stack=\toks30
LaTeX Info: Redefining \[ on input line 2950.
LaTeX Info: Redefining \] on input line 2951.
)
(/usr/local/texlive/2025/texmf-dist/tex/latex/latex-lab/latex-lab-amsmath.ltx
File: latex-lab-amsmath.ltx 2025-09-29 v0.1i amsmath adaptions
LaTeX Info: Redefining \eqref on input line 57.
)
(/usr/local/texlive/2025/texmf-dist/tex/lualatex/lualatex-math/lualatex-math.st
y
Package: lualatex-math 2022/01/01 v1.12 Patches for mathematics typesetting wit
h LuaLaTeX
 (/usr/local/texlive/2025/texmf-dist/tex/latex/etoolbox/etoolbox.sty
Package: etoolbox 2025/10/02 v2.5m e-TeX tools for LaTeX (JAW)
\etb@tempcnta=\count365
)
Lua module: lualatex-math 2013/08/03 v1.3 Patches for mathematics typesetting wi
th LuaLaTeX)
\g__um_fam_int=\count366
\g__um_fonts_used_int=\count367
\l__um_primecount_int=\count368
\g__um_primekern_muskip=\muskip18

(/usr/local/texlive/2025/texmf-dist/tex/latex/unicode-math/unicode-math-table.t
ex)))
(/usr/local/texlive/2025/texmf-dist/tex/latex/latex-lab/latex-lab-unicode-math.
ltx
File: latex-lab-unicode-math.ltx 2025-06-30 v0.1e unicode-mathadaptions
LaTeX Info: Redefining \frac on input line 93.
) (/usr/local/texlive/2025/texmf-dist/tex/latex/amscls/amsthm.sty
Package: amsthm 2020/05/29 v2.20.6
\thm@style=\toks31
\thm@bodyfont=\toks32
\thm@headfont=\toks33
\thm@notefont=\toks34
\thm@headpunct=\toks35
\thm@preskip=\skip101
\thm@postskip=\skip102
\thm@headsep=\skip103
\dth@everypar=\toks36
)
(/usr/local/texlive/2025/texmf-dist/tex/latex/base/textcomp.sty
Package: textcomp 2024/04/24 v2.1b Standard LaTeX package
)
(/usr/local/texlive/2025/texmf-dist/tex/latex/natbib/natbib.sty
Package: natbib 2010/09/13 8.31b (PWD, AO)
\bibhang=\skip104
\bibsep=\skip105
LaTeX Info: Redefining \cite on input line 694.
\c@NAT@ctr=\count369
)
(./student-information.tex) (./ncsu-required.tex
(/usr/local/texlive/2025/texmf-dist/tex/latex/xcolor/xcolor.sty
Package: xcolor 2024/09/29 v3.02 LaTeX color extensions (UK)

(/usr/local/texlive/2025/texmf-dist/tex/latex/graphics-cfg/color.cfg
File: color.cfg 2016/01/02 v1.6 sample color configuration
)
Package xcolor Info: Driver file: luatex.def on input line 274.

(/usr/local/texlive/2025/texmf-dist/tex/latex/graphics/mathcolor.ltx)
Package xcolor Info: Model `cmy' substituted by `cmy0' on input line 1349.
Package xcolor Info: Model `hsb' substituted by `rgb' on input line 1353.
Package xcolor Info: Model `RGB' extended on input line 1365.
Package xcolor Info: Model `HTML' substituted by `rgb' on input line 1367.
Package xcolor Info: Model `Hsb' substituted by `hsb' on input line 1368.
Package xcolor Info: Model `tHsb' substituted by `hsb' on input line 1369.
Package xcolor Info: Model `HSB' substituted by `hsb' on input line 1370.
Package xcolor Info: Model `Gray' substituted by `gray' on input line 1371.
Package xcolor Info: Model `wave' substituted by `hsb' on input line 1372.
)
(/usr/local/texlive/2025/texmf-dist/tex/latex/pdfmanagement-testphase/xcolor-pa
tches-tmp-ltx.sty
Package: xcolor-patches-tmp-ltx 2025-11-12 v0.96x patch xcolor for l3color
)
(/usr/local/texlive/2025/texmf-dist/tex/latex/hyperref/hyperref.sty
Package: hyperref 2025-07-12 v7.01o Hypertext links for LaTeX

(/usr/local/texlive/2025/texmf-dist/tex/latex/kvsetkeys/kvsetkeys.sty
Package: kvsetkeys 2022-10-05 v1.19 Key value parser (HO)
)
(/usr/local/texlive/2025/texmf-dist/tex/generic/kvdefinekeys/kvdefinekeys.sty
Package: kvdefinekeys 2019-12-19 v1.6 Define keys (HO)
)
(/usr/local/texlive/2025/texmf-dist/tex/generic/pdfescape/pdfescape.sty
Package: pdfescape 2019/12/09 v1.15 Implements pdfTeX's escape features (HO)

(/usr/local/texlive/2025/texmf-dist/tex/generic/ltxcmds/ltxcmds.sty
Package: ltxcmds 2023-12-04 v1.26 LaTeX kernel commands for general use (HO)
)
(/usr/local/texlive/2025/texmf-dist/tex/generic/pdftexcmds/pdftexcmds.sty
Package: pdftexcmds 2020-06-27 v0.33 Utility functions of pdfTeX for LuaTeX (HO
)

(/usr/local/texlive/2025/texmf-dist/tex/generic/infwarerr/infwarerr.sty
Package: infwarerr 2019/12/03 v1.5 Providing info/warning/error messages (HO)
)
Package pdftexcmds Info: \pdf@primitive is available.
Package pdftexcmds Info: \pdf@ifprimitive is available.
Package pdftexcmds Info: \pdfdraftmode found.
\pdftexcmds@toks=\toks37
))
(/usr/local/texlive/2025/texmf-dist/tex/latex/hycolor/hycolor.sty
Package: hycolor 2020-01-27 v1.10 Color options for hyperref/bookmark (HO)
)
(/usr/local/texlive/2025/texmf-dist/tex/latex/hyperref/nameref.sty
Package: nameref 2025-06-21 v2.57 Cross-referencing by name of section

(/usr/local/texlive/2025/texmf-dist/tex/latex/refcount/refcount.sty
Package: refcount 2019/12/15 v3.6 Data extraction from label references (HO)
)
(/usr/local/texlive/2025/texmf-dist/tex/generic/gettitlestring/gettitlestring.s
ty
Package: gettitlestring 2019/12/15 v1.6 Cleanup title references (HO)
 (/usr/local/texlive/2025/texmf-dist/tex/latex/kvoptions/kvoptions.sty
Package: kvoptions 2022-06-15 v3.15 Key value format for package options (HO)
))
\c@section@level=\count370
)
(/usr/local/texlive/2025/texmf-dist/tex/generic/stringenc/stringenc.sty
Package: stringenc 2019/11/29 v1.12 Convert strings between diff. encodings (HO
)
)
\@linkdim=\dimen261
\Hy@linkcounter=\count371
\Hy@pagecounter=\count372

(/usr/local/texlive/2025/texmf-dist/tex/latex/hyperref/pd1enc.def
File: pd1enc.def 2025-07-12 v7.01o Hyperref: PDFDocEncoding definition (HO)
)
(/usr/local/texlive/2025/texmf-dist/tex/generic/intcalc/intcalc.sty
Package: intcalc 2019/12/15 v1.3 Expandable calculations with integers (HO)
)
\Hy@SavedSpaceFactor=\count373

(/usr/local/texlive/2025/texmf-dist/tex/latex/hyperref/puenc.def
File: puenc.def 2025-07-12 v7.01o Hyperref: PDF Unicode definition (HO)
)
Package hyperref Info: Option `unicode' set `true' on input line 4066.
Package hyperref Info: Option `bookmarksnumbered' set `true' on input line 4066
.
Package hyperref Info: Option `bookmarksopen' set `true' on input line 4066.
Package hyperref Info: Option `colorlinks' set `true' on input line 4066.
Package hyperref Info: Option `pdfdisplaydoctitle' set `true' on input line 406
6.
Package hyperref Info: Hyper figures OFF on input line 4195.
Package hyperref Info: Link nesting OFF on input line 4200.
Package hyperref Info: Hyper index ON on input line 4203.
Package hyperref Info: Plain pages OFF on input line 4210.
Package hyperref Info: Backreferencing OFF on input line 4215.
Package hyperref Info: Implicit mode ON; LaTeX internals redefined.
Package hyperref Info: Bookmarks ON on input line 4462.
\c@Hy@tempcnt=\count374

(/usr/local/texlive/2025/texmf-dist/tex/latex/url/url.sty
\Urlmuskip=\muskip19
Package: url 2013/09/16  ver 3.4  Verb mode for urls, etc.
)
LaTeX Info: Redefining \url on input line 4801.
\XeTeXLinkMargin=\dimen262

(/usr/local/texlive/2025/texmf-dist/tex/generic/bitset/bitset.sty
Package: bitset 2019/12/09 v1.3 Handle bit-vector datatype (HO)

(/usr/local/texlive/2025/texmf-dist/tex/generic/bigintcalc/bigintcalc.sty
Package: bigintcalc 2019/12/15 v1.5 Expandable calculations on big integers (HO
)
))
\Fld@menulength=\count375
\Field@Width=\dimen263
\Fld@charsize=\dimen264
Package hyperref Info: Hyper figures OFF on input line 6078.
Package hyperref Info: Link nesting OFF on input line 6083.
Package hyperref Info: Hyper index ON on input line 6086.
Package hyperref Info: backreferencing OFF on input line 6093.
Package hyperref Info: Link coloring ON on input line 6096.
Package hyperref Info: Link coloring with OCG OFF on input line 6103.
Package hyperref Info: PDF/A mode ON on input line 6106.
\Hy@abspage=\count376
\c@Item=\count377
)
Package hyperref Info: Driver (custom): hgeneric-testphase.

(/usr/local/texlive/2025/texmf-dist/tex/latex/pdfmanagement-testphase/hgeneric-
testphase.def
File: hgeneric-testphase.def 2025-11-12 v0.96x generic Hyperref driver for the 
LaTeX PDF management bundle

(/usr/local/texlive/2025/texmf-dist/tex/latex/pdfmanagement-testphase/hyperref-
colorschemes.def)
LaTeX Info: Redefining \href on input line 262.
LaTeX Info: Redefining \url on input line 348.
\l__hyp_tmpa_box=\box72
\l__hyp_tmpa_int=\count378
\l__hyp_dest_box=\box73
\g__hyp_linknestlevel_int=\count379
\HyAnn@Count=\count380
\Fld@listcount=\count381
\Hy@SectionHShift=\skip106
)
(/usr/local/texlive/2025/texmf-dist/tex/latex/bookmark/bookmark.sty
Package: bookmark 2023-12-10 v1.31 PDF bookmarks (HO)

(/usr/local/texlive/2025/texmf-dist/tex/latex/bookmark/bkm-pdftex.def
File: bkm-pdftex.def 2023-12-10 v1.31 bookmark driver for pdfTeX and luaTeX (HO
)
\BKM@id=\count382
))
(/usr/local/texlive/2025/texmf-dist/tex/latex/microtype/microtype.sty
Package: microtype 2025/07/09 v3.2b Micro-typographical refinements (RS)
\MT@toks=\toks38
\MT@tempbox=\box74
\MT@count=\count383
LaTeX Info: Redefining \noprotrusionifhmode on input line 1087.
LaTeX Info: Redefining \leftprotrusion on input line 1088.
\MT@prot@toks=\toks39
LaTeX Info: Redefining \rightprotrusion on input line 1107.
LaTeX Info: Redefining \textls on input line 1449.
\MT@outer@kern=\dimen265
LaTeX Info: Redefining \microtypecontext on input line 2053.
LaTeX Info: Redefining \textmicrotypecontext on input line 2070.
\MT@listname@count=\count384

(/usr/local/texlive/2025/texmf-dist/tex/latex/microtype/microtype-luatex.def
File: microtype-luatex.def 2025/07/09 v3.2b Definitions specific to luatex (RS)

Lua module: microtype 2025/07/09 v3.2b microtype module.
Module microtype Info: overwriting function `keepligature' on input line 63
LaTeX Info: Redefining \lsstyle on input line 779.
LaTeX Info: Redefining \lslig on input line 779.
\MT@outer@space=\skip107
)
Package microtype Info: Loading configuration file microtype.cfg.

(/usr/local/texlive/2025/texmf-dist/tex/latex/microtype/microtype.cfg
File: microtype.cfg 2025/07/09 v3.2b microtype main configuration file (RS)
)
LaTeX Info: Redefining \microtypesetup on input line 3065.
)
==> First Aid for microtype.sty applied!
\c@ncsuStatement=\count385
) (./student-macros.tex
(/usr/local/texlive/2025/texmf-dist/tex/latex/accents/accents.sty
Package: accents 2006/05/12 v1.4 Math Accent Tools
\cc@skew=\dimen266
\cc@wd=\dimen267
\cc@code=\count386
\cc@group=\count387
\cc@skewchar=\count388
)
(/usr/local/texlive/2025/texmf-dist/tex/latex/comment/comment.sty
\CommentStream=\write3

Excluding comment 'comment')
(/usr/local/texlive/2025/texmf-dist/tex/latex/easy/easytable.sty
Document Style `easytable' v1.0 <2001/06/13>.
(/usr/local/texlive/2025/texmf-dist/tex/latex/easy/easy.sty
Document Style `easy' v1.1 <2001/05/31>.
Package: easy 2001/05/31 v1.1
\@easy@level=\count389
\@easy@ncol=\count390
\@easy@nrow=\count391
\@easy@cnt=\count392
\@easy@boxviii=\box75
\@easy@minxviii=\dimen268
\@easy@minyviii=\dimen269
\@easy@maxxviii=\dimen270
\@easy@maxyviii=\dimen271
\@easy@boxvii=\box76
\@easy@minxvii=\dimen272
\@easy@minyvii=\dimen273
\@easy@maxxvii=\dimen274
\@easy@maxyvii=\dimen275
\@easy@boxvi=\box77
\@easy@minxvi=\dimen276
\@easy@minyvi=\dimen277
\@easy@maxxvi=\dimen278
\@easy@maxyvi=\dimen279
\@easy@boxv=\box78
\@easy@minxv=\dimen280
\@easy@minyv=\dimen281
\@easy@maxxv=\dimen282
\@easy@maxyv=\dimen283
\@easy@boxiv=\box79
\@easy@minxiv=\dimen284
\@easy@minyiv=\dimen285
\@easy@maxxiv=\dimen286
\@easy@maxyiv=\dimen287
\@easy@boxiii=\box80
\@easy@minxiii=\dimen288
\@easy@minyiii=\dimen289
\@easy@maxxiii=\dimen290
\@easy@maxyiii=\dimen291
\@easy@boxii=\box81
\@easy@minxii=\dimen292
\@easy@minyii=\dimen293
\@easy@maxxii=\dimen294
\@easy@maxyii=\dimen295
\@easy@boxi=\box82
\@easy@minxi=\dimen296
\@easy@minyi=\dimen297
\@easy@maxxi=\dimen298
\@easy@maxyi=\dimen299
\@easy@hsizexxx=\dimen300
\@easy@vsizexxx=\dimen301
\@easy@hsizexxix=\dimen302
\@easy@vsizexxix=\dimen303
\@easy@hsizexxviii=\dimen304
\@easy@vsizexxviii=\dimen305
\@easy@hsizexxvii=\dimen306
\@easy@vsizexxvii=\dimen307
\@easy@hsizexxvi=\dimen308
\@easy@vsizexxvi=\dimen309
\@easy@hsizexxv=\dimen310
\@easy@vsizexxv=\dimen311
\@easy@hsizexxiv=\dimen312
\@easy@vsizexxiv=\dimen313
\@easy@hsizexxiii=\dimen314
\@easy@vsizexxiii=\dimen315
\@easy@hsizexxii=\dimen316
\@easy@vsizexxii=\dimen317
\@easy@hsizexxi=\dimen318
\@easy@vsizexxi=\dimen319
\@easy@hsizexx=\dimen320
\@easy@vsizexx=\dimen321
\@easy@hsizexix=\dimen322
\@easy@vsizexix=\dimen323
\@easy@hsizexviii=\dimen324
\@easy@vsizexviii=\dimen325
\@easy@hsizexvii=\dimen326
\@easy@vsizexvii=\dimen327
\@easy@hsizexvi=\dimen328
\@easy@vsizexvi=\dimen329
\@easy@hsizexv=\dimen330
\@easy@vsizexv=\dimen331
\@easy@hsizexiv=\dimen332
\@easy@vsizexiv=\dimen333
\@easy@hsizexiii=\dimen334
\@easy@vsizexiii=\dimen335
\@easy@hsizexii=\dimen336
\@easy@vsizexii=\dimen337
\@easy@hsizexi=\dimen338
\@easy@vsizexi=\dimen339
\@easy@hsizex=\dimen340
\@easy@vsizex=\dimen341
\@easy@hsizeix=\dimen342
\@easy@vsizeix=\dimen343
\@easy@hsizeviii=\dimen344
\@easy@vsizeviii=\dimen345
\@easy@hsizevii=\dimen346
\@easy@vsizevii=\dimen347
\@easy@hsizevi=\dimen348
\@easy@vsizevi=\dimen349
\@easy@hsizev=\dimen350
\@easy@vsizev=\dimen351
\@easy@hsizeiv=\dimen352
\@easy@vsizeiv=\dimen353
\@easy@hsizeiii=\dimen354
\@easy@vsizeiii=\dimen355
\@easy@hsizeii=\dimen356
\@easy@vsizeii=\dimen357
\@easy@hsizei=\dimen358
\@easy@vsizei=\dimen359
\@easy@dash@len=\dimen360
\@easy@dash@sep=\dimen361
)
Package: easytable 2001/05/31v1.1
\@tab@size@rule=\dimen362
\@tab@size@dash=\dimen363
) (/usr/local/texlive/2025/texmf-dist/tex/latex/multirow/multirow.sty
Package: multirow 2024/11/12 v2.9 Span multiple rows of a table
\multirow@colwidth=\skip108
\multirow@cntb=\count393
\multirow@dima=\skip109
\bigstrutjot=\dimen364
)
(/usr/local/texlive/2025/texmf-dist/tex/latex/tools/multicol.sty
Package: multicol 2025/10/21 v2.0b multicolumn formatting (FMi)
\c@tracingmulticols=\count394
\mult@box=\box83
\multicol@leftmargin=\dimen365
\c@unbalance=\count395
\c@collectmore=\count396
\doublecol@number=\count397
\multicoltolerance=\count398
\multicolpretolerance=\count399
\full@width=\dimen366
\page@free=\dimen367
\premulticols=\dimen368
\postmulticols=\dimen369
\multicolsep=\skip110
\multicolbaselineskip=\skip111
\partial@page=\box84
\last@line=\box85
\mc@boxedresult=\box86
\maxbalancingoverflow=\dimen370
\mult@rightbox=\box87
\mult@grightbox=\box88
\mult@firstbox=\box89
\mult@gfirstbox=\box90
\@tempa=\box91
\@tempa=\box92
\@tempa=\box93
\@tempa=\box94
\@tempa=\box95
\@tempa=\box96
\@tempa=\box97
\@tempa=\box98
\@tempa=\box99
\@tempa=\box100
\@tempa=\box101
\@tempa=\box102
\@tempa=\box103
\@tempa=\box104
\@tempa=\box105
\@tempa=\box106
\@tempa=\box107
\@tempa=\box108
\@tempa=\box109
\@tempa=\box110
\@tempa=\box111
\@tempa=\box112
\@tempa=\box113
\@tempa=\box114
\@tempa=\box115
\@tempa=\box116
\@tempa=\box117
\@tempa=\box118
\@tempa=\box119
\@tempa=\box120
\@tempa=\box121
\@tempa=\box122
\@tempa=\box123
\@tempa=\box124
\@tempa=\box125
\@tempa=\box126
\c@minrows=\count400
\c@columnbadness=\count401
\c@finalcolumnbadness=\count402
\last@try=\dimen371
\multicolovershoot=\dimen372
\multicolundershoot=\dimen373
\mult@nat@firstbox=\box127
\colbreak@box=\box128
\mc@col@check@num=\count403
\g__mc_curr_col_int=\count404
)
(/usr/local/texlive/2025/texmf-dist/tex/latex/newunicodechar/newunicodechar.sty
Package: newunicodechar 2018/04/08 v1.2 Defining Unicode characters
) (/usr/local/texlive/2025/texmf-dist/tex/latex/pgf/frontendlayer/tikz.sty
(/usr/local/texlive/2025/texmf-dist/tex/latex/pgf/basiclayer/pgf.sty
(/usr/local/texlive/2025/texmf-dist/tex/latex/pgf/utilities/pgfrcs.sty
(/usr/local/texlive/2025/texmf-dist/tex/generic/pgf/utilities/pgfutil-common.te
x
\pgfutil@everybye=\toks40
\pgfutil@tempdima=\dimen374
\pgfutil@tempdimb=\dimen375
)
(/usr/local/texlive/2025/texmf-dist/tex/generic/pgf/utilities/pgfutil-latex.def
\pgfutil@abb=\box129
) (/usr/local/texlive/2025/texmf-dist/tex/generic/pgf/utilities/pgfrcs.code.tex
(/usr/local/texlive/2025/texmf-dist/tex/generic/pgf/pgf.revision.tex)
Package: pgfrcs 2025-08-29 v3.1.11a (3.1.11a)
))
Package: pgf 2025-08-29 v3.1.11a (3.1.11a)

(/usr/local/texlive/2025/texmf-dist/tex/latex/pgf/basiclayer/pgfcore.sty
(/usr/local/texlive/2025/texmf-dist/tex/latex/pgf/systemlayer/pgfsys.sty
(/usr/local/texlive/2025/texmf-dist/tex/generic/pgf/systemlayer/pgfsys.code.tex
Package: pgfsys 2025-08-29 v3.1.11a (3.1.11a)
(/usr/local/texlive/2025/texmf-dist/tex/generic/pgf/utilities/pgfkeys.code.tex
\pgfkeys@pathtoks=\toks41
\pgfkeys@temptoks=\toks42

(/usr/local/texlive/2025/texmf-dist/tex/generic/pgf/utilities/pgfkeyslibraryfil
tered.code.tex
\pgfkeys@tmptoks=\toks43
))
\pgf@x=\dimen376
\pgf@y=\dimen377
\pgf@xa=\dimen378
\pgf@ya=\dimen379
\pgf@xb=\dimen380
\pgf@yb=\dimen381
\pgf@xc=\dimen382
\pgf@yc=\dimen383
\pgf@xd=\dimen384
\pgf@yd=\dimen385
\w@pgf@writea=\write4
\r@pgf@reada=\read2
\c@pgf@counta=\count405
\c@pgf@countb=\count406
\c@pgf@countc=\count407
\c@pgf@countd=\count408
\t@pgf@toka=\toks44
\t@pgf@tokb=\toks45
\t@pgf@tokc=\toks46
\pgf@sys@id@count=\count409

(/usr/local/texlive/2025/texmf-dist/tex/generic/pgf/systemlayer/pgf.cfg
File: pgf.cfg 2025-08-29 v3.1.11a (3.1.11a)
)
Driver file for pgf: pgfsys-luatex.def

(/usr/local/texlive/2025/texmf-dist/tex/generic/pgf/systemlayer/pgfsys-luatex.d
ef
File: pgfsys-luatex.def 2025-08-29 v3.1.11a (3.1.11a)

(/usr/local/texlive/2025/texmf-dist/tex/generic/pgf/systemlayer/pgfsys-common-p
df.def
File: pgfsys-common-pdf.def 2025-08-29 v3.1.11a (3.1.11a)
)))
(/usr/local/texlive/2025/texmf-dist/tex/generic/pgf/systemlayer/pgfsyssoftpath.
code.tex
File: pgfsyssoftpath.code.tex 2025-08-29 v3.1.11a (3.1.11a)
\pgfsyssoftpath@smallbuffer@items=\count410
\pgfsyssoftpath@bigbuffer@items=\count411
)
(/usr/local/texlive/2025/texmf-dist/tex/generic/pgf/systemlayer/pgfsysprotocol.
code.tex
File: pgfsysprotocol.code.tex 2025-08-29 v3.1.11a (3.1.11a)
))
(/usr/local/texlive/2025/texmf-dist/tex/generic/pgf/basiclayer/pgfcore.code.tex
Package: pgfcore 2025-08-29 v3.1.11a (3.1.11a)
(/usr/local/texlive/2025/texmf-dist/tex/generic/pgf/math/pgfmath.code.tex
(/usr/local/texlive/2025/texmf-dist/tex/generic/pgf/math/pgfmathutil.code.tex)
(/usr/local/texlive/2025/texmf-dist/tex/generic/pgf/math/pgfmathparser.code.tex
\pgfmath@dimen=\dimen386
\pgfmath@count=\count412
\pgfmath@box=\box130
\pgfmath@toks=\toks47
\pgfmath@stack@operand=\toks48
\pgfmath@stack@operation=\toks49
)
(/usr/local/texlive/2025/texmf-dist/tex/generic/pgf/math/pgfmathfunctions.code.
tex)
(/usr/local/texlive/2025/texmf-dist/tex/generic/pgf/math/pgfmathfunctions.basic
.code.tex)
(/usr/local/texlive/2025/texmf-dist/tex/generic/pgf/math/pgfmathfunctions.trigo
nometric.code.tex)
(/usr/local/texlive/2025/texmf-dist/tex/generic/pgf/math/pgfmathfunctions.rando
m.code.tex)
(/usr/local/texlive/2025/texmf-dist/tex/generic/pgf/math/pgfmathfunctions.compa
rison.code.tex)
(/usr/local/texlive/2025/texmf-dist/tex/generic/pgf/math/pgfmathfunctions.base.
code.tex)
(/usr/local/texlive/2025/texmf-dist/tex/generic/pgf/math/pgfmathfunctions.round
.code.tex)
(/usr/local/texlive/2025/texmf-dist/tex/generic/pgf/math/pgfmathfunctions.misc.
code.tex)
(/usr/local/texlive/2025/texmf-dist/tex/generic/pgf/math/pgfmathfunctions.integ
erarithmetics.code.tex)
(/usr/local/texlive/2025/texmf-dist/tex/generic/pgf/math/pgfmathcalc.code.tex)
(/usr/local/texlive/2025/texmf-dist/tex/generic/pgf/math/pgfmathfloat.code.tex
\c@pgfmathroundto@lastzeros=\count413
)) (/usr/local/texlive/2025/texmf-dist/tex/generic/pgf/math/pgfint.code.tex)
(/usr/local/texlive/2025/texmf-dist/tex/generic/pgf/basiclayer/pgfcorepoints.co
de.tex
File: pgfcorepoints.code.tex 2025-08-29 v3.1.11a (3.1.11a)
\pgf@picminx=\dimen387
\pgf@picmaxx=\dimen388
\pgf@picminy=\dimen389
\pgf@picmaxy=\dimen390
\pgf@pathminx=\dimen391
\pgf@pathmaxx=\dimen392
\pgf@pathminy=\dimen393
\pgf@pathmaxy=\dimen394
\pgf@xx=\dimen395
\pgf@xy=\dimen396
\pgf@yx=\dimen397
\pgf@yy=\dimen398
\pgf@zx=\dimen399
\pgf@zy=\dimen400
)
(/usr/local/texlive/2025/texmf-dist/tex/generic/pgf/basiclayer/pgfcorepathconst
ruct.code.tex
File: pgfcorepathconstruct.code.tex 2025-08-29 v3.1.11a (3.1.11a)
\pgf@path@lastx=\dimen401
\pgf@path@lasty=\dimen402
)
(/usr/local/texlive/2025/texmf-dist/tex/generic/pgf/basiclayer/pgfcorepathusage
.code.tex
File: pgfcorepathusage.code.tex 2025-08-29 v3.1.11a (3.1.11a)
\pgf@shorten@end@additional=\dimen403
\pgf@shorten@start@additional=\dimen404
)
(/usr/local/texlive/2025/texmf-dist/tex/generic/pgf/basiclayer/pgfcorescopes.co
de.tex
File: pgfcorescopes.code.tex 2025-08-29 v3.1.11a (3.1.11a)
\pgfpic=\box131
\pgf@hbox=\box132
\pgf@layerbox@main=\box133
\pgf@picture@serial@count=\count414
)
(/usr/local/texlive/2025/texmf-dist/tex/generic/pgf/basiclayer/pgfcoregraphicst
ate.code.tex
File: pgfcoregraphicstate.code.tex 2025-08-29 v3.1.11a (3.1.11a)
\pgflinewidth=\dimen405
)
(/usr/local/texlive/2025/texmf-dist/tex/generic/pgf/basiclayer/pgfcoretransform
ations.code.tex
File: pgfcoretransformations.code.tex 2025-08-29 v3.1.11a (3.1.11a)
\pgf@pt@x=\dimen406
\pgf@pt@y=\dimen407
\pgf@pt@temp=\dimen408
)
(/usr/local/texlive/2025/texmf-dist/tex/generic/pgf/basiclayer/pgfcorequick.cod
e.tex
File: pgfcorequick.code.tex 2025-08-29 v3.1.11a (3.1.11a)
)
(/usr/local/texlive/2025/texmf-dist/tex/generic/pgf/basiclayer/pgfcoreobjects.c
ode.tex
File: pgfcoreobjects.code.tex 2025-08-29 v3.1.11a (3.1.11a)
)
(/usr/local/texlive/2025/texmf-dist/tex/generic/pgf/basiclayer/pgfcorepathproce
ssing.code.tex
File: pgfcorepathprocessing.code.tex 2025-08-29 v3.1.11a (3.1.11a)
)
(/usr/local/texlive/2025/texmf-dist/tex/generic/pgf/basiclayer/pgfcorearrows.co
de.tex
File: pgfcorearrows.code.tex 2025-08-29 v3.1.11a (3.1.11a)
\pgfarrowsep=\dimen409
)
(/usr/local/texlive/2025/texmf-dist/tex/generic/pgf/basiclayer/pgfcoreshade.cod
e.tex
File: pgfcoreshade.code.tex 2025-08-29 v3.1.11a (3.1.11a)
\pgf@max=\dimen410
\pgf@sys@shading@range@num=\count415
\pgf@shadingcount=\count416
)
(/usr/local/texlive/2025/texmf-dist/tex/generic/pgf/basiclayer/pgfcoreimage.cod
e.tex
File: pgfcoreimage.code.tex 2025-08-29 v3.1.11a (3.1.11a)
)
(/usr/local/texlive/2025/texmf-dist/tex/generic/pgf/basiclayer/pgfcoreexternal.
code.tex
File: pgfcoreexternal.code.tex 2025-08-29 v3.1.11a (3.1.11a)
\pgfexternal@startupbox=\box134
)
(/usr/local/texlive/2025/texmf-dist/tex/generic/pgf/basiclayer/pgfcorelayers.co
de.tex
File: pgfcorelayers.code.tex 2025-08-29 v3.1.11a (3.1.11a)
)
(/usr/local/texlive/2025/texmf-dist/tex/generic/pgf/basiclayer/pgfcoretranspare
ncy.code.tex
File: pgfcoretransparency.code.tex 2025-08-29 v3.1.11a (3.1.11a)
)
(/usr/local/texlive/2025/texmf-dist/tex/generic/pgf/basiclayer/pgfcorepatterns.
code.tex
File: pgfcorepatterns.code.tex 2025-08-29 v3.1.11a (3.1.11a)
)
(/usr/local/texlive/2025/texmf-dist/tex/generic/pgf/basiclayer/pgfcorerdf.code.
tex
File: pgfcorerdf.code.tex 2025-08-29 v3.1.11a (3.1.11a)
)))
(/usr/local/texlive/2025/texmf-dist/tex/generic/pgf/modules/pgfmoduleshapes.cod
e.tex
File: pgfmoduleshapes.code.tex 2025-08-29 v3.1.11a (3.1.11a)
\pgfnodeparttextbox=\box135
)
(/usr/local/texlive/2025/texmf-dist/tex/generic/pgf/modules/pgfmoduleplot.code.
tex
File: pgfmoduleplot.code.tex 2025-08-29 v3.1.11a (3.1.11a)
)
(/usr/local/texlive/2025/texmf-dist/tex/latex/pgf/compatibility/pgfcomp-version
-0-65.sty
Package: pgfcomp-version-0-65 2025-08-29 v3.1.11a (3.1.11a)
\pgf@nodesepstart=\dimen411
\pgf@nodesepend=\dimen412
)
(/usr/local/texlive/2025/texmf-dist/tex/latex/pgf/compatibility/pgfcomp-version
-1-18.sty
Package: pgfcomp-version-1-18 2025-08-29 v3.1.11a (3.1.11a)
))
(/usr/local/texlive/2025/texmf-dist/tex/latex/pgf/utilities/pgffor.sty
(/usr/local/texlive/2025/texmf-dist/tex/latex/pgf/utilities/pgfkeys.sty
(/usr/local/texlive/2025/texmf-dist/tex/generic/pgf/utilities/pgfkeys.code.tex))
 (/usr/local/texlive/2025/texmf-dist/tex/latex/pgf/math/pgfmath.sty
(/usr/local/texlive/2025/texmf-dist/tex/generic/pgf/math/pgfmath.code.tex))
(/usr/local/texlive/2025/texmf-dist/tex/generic/pgf/utilities/pgffor.code.tex
Package: pgffor 2025-08-29 v3.1.11a (3.1.11a)
\pgffor@iter=\dimen413
\pgffor@skip=\dimen414
\pgffor@stack=\toks50
\pgffor@toks=\toks51
))
(/usr/local/texlive/2025/texmf-dist/tex/generic/pgf/frontendlayer/tikz/tikz.cod
e.tex
Package: tikz 2025-08-29 v3.1.11a (3.1.11a)

(/usr/local/texlive/2025/texmf-dist/tex/generic/pgf/libraries/pgflibraryplothan
dlers.code.tex
File: pgflibraryplothandlers.code.tex 2025-08-29 v3.1.11a (3.1.11a)
\pgf@plot@mark@count=\count417
\pgfplotmarksize=\dimen415
)
\tikz@lastx=\dimen416
\tikz@lasty=\dimen417
\tikz@lastxsaved=\dimen418
\tikz@lastysaved=\dimen419
\tikz@lastmovetox=\dimen420
\tikz@lastmovetoy=\dimen421
\tikzleveldistance=\dimen422
\tikzsiblingdistance=\dimen423
\tikz@figbox=\box136
\tikz@figbox@bg=\box137
\tikz@tempbox=\box138
\tikz@tempbox@bg=\box139
\tikztreelevel=\count418
\tikznumberofchildren=\count419
\tikznumberofcurrentchild=\count420
\tikz@fig@count=\count421

(/usr/local/texlive/2025/texmf-dist/tex/generic/pgf/modules/pgfmodulematrix.cod
e.tex
File: pgfmodulematrix.code.tex 2025-08-29 v3.1.11a (3.1.11a)
\pgfmatrixcurrentrow=\count422
\pgfmatrixcurrentcolumn=\count423
\pgf@matrix@numberofcolumns=\count424
)
\tikz@expandcount=\count425

(/usr/local/texlive/2025/texmf-dist/tex/generic/pgf/frontendlayer/tikz/librarie
s/tikzlibrarytopaths.code.tex
File: tikzlibrarytopaths.code.tex 2025-08-29 v3.1.11a (3.1.11a)
)))
(/usr/local/texlive/2025/texmf-dist/tex/generic/pgf/frontendlayer/tikz/librarie
s/tikzlibraryarrows.code.tex
File: tikzlibraryarrows.code.tex 2025-08-29 v3.1.11a (3.1.11a)

(/usr/local/texlive/2025/texmf-dist/tex/generic/pgf/libraries/pgflibraryarrows.
code.tex
File: pgflibraryarrows.code.tex 2025-08-29 v3.1.11a (3.1.11a)
\arrowsize=\dimen424
))
(/usr/local/texlive/2025/texmf-dist/tex/generic/pgf/libraries/pgflibraryarrows.
meta.code.tex
File: pgflibraryarrows.meta.code.tex 2025-08-29 v3.1.11a (3.1.11a)
\pgfarrowinset=\dimen425
\pgfarrowlength=\dimen426
\pgfarrowwidth=\dimen427
\pgfarrowlinewidth=\dimen428
)
(/usr/local/texlive/2025/texmf-dist/tex/generic/pgf/frontendlayer/tikz/librarie
s/tikzlibrarybackgrounds.code.tex
File: tikzlibrarybackgrounds.code.tex 2025-08-29 v3.1.11a (3.1.11a)
\pgf@layerbox@background=\box140
\pgf@layerboxsaved@background=\box141
)
(/usr/local/texlive/2025/texmf-dist/tex/generic/pgf/frontendlayer/tikz/librarie
s/tikzlibrarycalc.code.tex
File: tikzlibrarycalc.code.tex 2025-08-29 v3.1.11a (3.1.11a)
)
(/usr/local/texlive/2025/texmf-dist/tex/generic/pgf/frontendlayer/tikz/librarie
s/tikzlibrarydecorations.pathmorphing.code.tex
(/usr/local/texlive/2025/texmf-dist/tex/generic/pgf/frontendlayer/tikz/librarie
s/tikzlibrarydecorations.code.tex
(/usr/local/texlive/2025/texmf-dist/tex/generic/pgf/modules/pgfmoduledecoration
s.code.tex
\pgfdecoratedcompleteddistance=\dimen429
\pgfdecoratedremainingdistance=\dimen430
\pgfdecoratedinputsegmentcompleteddistance=\dimen431
\pgfdecoratedinputsegmentremainingdistance=\dimen432
\pgf@decorate@distancetomove=\dimen433
\pgf@decorate@repeatstate=\count426
\pgfdecorationsegmentamplitude=\dimen434
\pgfdecorationsegmentlength=\dimen435
)
\tikz@lib@dec@box=\box142
)
(/usr/local/texlive/2025/texmf-dist/tex/generic/pgf/libraries/decorations/pgfli
brarydecorations.pathmorphing.code.tex))
(/usr/local/texlive/2025/texmf-dist/tex/generic/pgf/frontendlayer/tikz/librarie
s/tikzlibrarydecorations.pathreplacing.code.tex
(/usr/local/texlive/2025/texmf-dist/tex/generic/pgf/libraries/decorations/pgfli
brarydecorations.pathreplacing.code.tex))
(/usr/local/texlive/2025/texmf-dist/tex/generic/pgf/frontendlayer/tikz/librarie
s/tikzlibraryfit.code.tex
File: tikzlibraryfit.code.tex 2025-08-29 v3.1.11a (3.1.11a)
)
(/usr/local/texlive/2025/texmf-dist/tex/generic/pgf/frontendlayer/tikz/librarie
s/tikzlibrarymath.code.tex
(/usr/local/texlive/2025/texmf-dist/tex/generic/pgf/frontendlayer/tikz/librarie
s/tikzlibraryfpu.code.tex
(/usr/local/texlive/2025/texmf-dist/tex/generic/pgf/libraries/pgflibraryfpu.cod
e.tex))
\tikz@math@for@depth=\count427
\tikz@math@dimen=\dimen436
\tikz@math@toks=\toks52
)
(/usr/local/texlive/2025/texmf-dist/tex/generic/pgf/frontendlayer/tikz/librarie
s/tikzlibrarypositioning.code.tex
File: tikzlibrarypositioning.code.tex 2025-08-29 v3.1.11a (3.1.11a)
)
(/usr/local/texlive/2025/texmf-dist/tex/generic/pgf/frontendlayer/tikz/librarie
s/tikzlibraryquotes.code.tex
File: tikzlibraryquotes.code.tex 2025-08-29 v3.1.11a (3.1.11a)
)
(/usr/local/texlive/2025/texmf-dist/tex/generic/pgf/frontendlayer/tikz/librarie
s/tikzlibrarythrough.code.tex
File: tikzlibrarythrough.code.tex 2025-08-29 v3.1.11a (3.1.11a)
)) (./optional-accessible.tex
luaotfload | cache : Lookup cache loaded from /Users/bevinmaultsby/Library/texli
ve/2025/texmf-var/luatex-cache/generic/names/luaotfload-lookup-cache.luc.

Package fontspec Info: 
(fontspec)             Font family 'LibertinusSerif(0)' created for font
(fontspec)             'Libertinus Serif' with options
(fontspec)             [Ligatures=TeX,Ligatures=TeX].
(fontspec)              
(fontspec)              This font family consists of the following NFSS
(fontspec)             series/shapes:
(fontspec)              
(fontspec)             - 'normal' (m/n) with NFSS spec.: <->"name:Libertinus
(fontspec)             Serif:mode=node;script=latn;language=dflt;+tlig;"
(fontspec)             - 'small caps'  (m/sc) with NFSS spec.:
(fontspec)             <->"name:Libertinus
(fontspec)             Serif:mode=node;script=latn;language=dflt;+tlig;+smcp;"
(fontspec)             - 'bold' (b/n) with NFSS spec.: <->"name:Libertinus
(fontspec)             Serif/B:mode=node;script=latn;language=dflt;+tlig;"
(fontspec)             - 'bold small caps'  (b/sc) with NFSS spec.:
(fontspec)             <->"name:Libertinus
(fontspec)             Serif/B:mode=node;script=latn;language=dflt;+tlig;+smcp;
"
(fontspec)             - 'italic' (m/it) with NFSS spec.: <->"name:Libertinus
(fontspec)             Serif/I:mode=node;script=latn;language=dflt;+tlig;"
(fontspec)             - 'italic small caps'  (m/scit) with NFSS spec.:
(fontspec)             <->"name:Libertinus
(fontspec)             Serif/I:mode=node;script=latn;language=dflt;+tlig;+smcp;
"
(fontspec)             - 'bold italic' (b/it) with NFSS spec.:
(fontspec)             <->"name:Libertinus
(fontspec)             Serif/BI:mode=node;script=latn;language=dflt;+tlig;"
(fontspec)             - 'bold italic small caps'  (b/scit) with NFSS spec.:
(fontspec)             <->"name:Libertinus
(fontspec)             Serif/BI:mode=node;script=latn;language=dflt;+tlig;+smcp
;"


Package fontspec Info: 
(fontspec)             Font family 'LibertinusSerif(1)' created for font
(fontspec)             'Libertinus Serif' with options
(fontspec)             [Renderer=Basic,Ligatures=TeX].
(fontspec)              
(fontspec)              This font family consists of the following NFSS
(fontspec)             series/shapes:
(fontspec)              
(fontspec)             - 'normal' (m/n) with NFSS spec.: <->"name:Libertinus
(fontspec)             Serif:mode=base;script=latn;language=dflt;+tlig;"
(fontspec)             - 'small caps'  (m/sc) with NFSS spec.:
(fontspec)             <->"name:Libertinus
(fontspec)             Serif:mode=base;script=latn;language=dflt;+tlig;+smcp;"
(fontspec)             - 'bold' (b/n) with NFSS spec.: <->"name:Libertinus
(fontspec)             Serif/B:mode=base;script=latn;language=dflt;+tlig;"
(fontspec)             - 'bold small caps'  (b/sc) with NFSS spec.:
(fontspec)             <->"name:Libertinus
(fontspec)             Serif/B:mode=base;script=latn;language=dflt;+tlig;+smcp;
"
(fontspec)             - 'italic' (m/it) with NFSS spec.: <->"name:Libertinus
(fontspec)             Serif/I:mode=base;script=latn;language=dflt;+tlig;"
(fontspec)             - 'italic small caps'  (m/scit) with NFSS spec.:
(fontspec)             <->"name:Libertinus
(fontspec)             Serif/I:mode=base;script=latn;language=dflt;+tlig;+smcp;
"
(fontspec)             - 'bold italic' (b/it) with NFSS spec.:
(fontspec)             <->"name:Libertinus
(fontspec)             Serif/BI:mode=base;script=latn;language=dflt;+tlig;"
(fontspec)             - 'bold italic small caps'  (b/scit) with NFSS spec.:
(fontspec)             <->"name:Libertinus
(fontspec)             Serif/BI:mode=base;script=latn;language=dflt;+tlig;+smcp
;"

LaTeX Font Info:    Overwriting math alphabet `\mathrm' in version `normal'
(Font)                  OT1/cmr/m/n --> TU/LibertinusSerif(1)/m/n on input line
 85.
LaTeX Font Info:    Overwriting math alphabet `\mathit' in version `normal'
(Font)                  OT1/cmr/m/it --> TU/LibertinusSerif(1)/m/it on input li
ne 85.
LaTeX Font Info:    Overwriting math alphabet `\mathbf' in version `normal'
(Font)                  OT1/cmr/bx/n --> TU/LibertinusSerif(1)/b/n on input lin
e 85.

Package fontspec Info: 
(fontspec)             Libertinus Sans scale = 0.9326044891640868.


Package fontspec Info: 
(fontspec)             Could not resolve font "Libertinus Sans/BI" (it
(fontspec)             probably doesn't exist).


Package fontspec Info: 
(fontspec)             Libertinus Sans scale = 0.9326044891640868.


Package fontspec Info: 
(fontspec)             Libertinus Sans scale = 0.9326044891640868.


Package fontspec Info: 
(fontspec)             Libertinus Sans/B scale = 0.9999970359831645.


Package fontspec Info: 
(fontspec)             Libertinus Sans/B scale = 0.9999970359831645.


Package fontspec Info: 
(fontspec)             Libertinus Sans/I scale = 0.9999970359831645.


Package fontspec Info: 
(fontspec)             Libertinus Sans/I scale = 0.9999970359831645.


Package fontspec Info: 
(fontspec)             Font family 'LibertinusSans(0)' created for font
(fontspec)             'Libertinus Sans' with options
(fontspec)             [Ligatures=TeX,Ligatures=TeX,Scale=MatchLowercase].
(fontspec)              
(fontspec)              This font family consists of the following NFSS
(fontspec)             series/shapes:
(fontspec)              
(fontspec)             - 'normal' (m/n) with NFSS spec.:
(fontspec)             <->s*[0.9326044891640868]"name:Libertinus
(fontspec)             Sans:mode=node;script=latn;language=dflt;+tlig;"
(fontspec)             - 'small caps'  (m/sc) with NFSS spec.:
(fontspec)             <->s*[0.9326044891640868]"name:Libertinus
(fontspec)             Sans:mode=node;script=latn;language=dflt;+tlig;+smcp;"
(fontspec)             - 'bold' (b/n) with NFSS spec.:
(fontspec)             <->s*[0.9999970359831645]"name:Libertinus
(fontspec)             Sans/B:mode=node;script=latn;language=dflt;+tlig;"
(fontspec)             - 'bold small caps'  (b/sc) with NFSS spec.:
(fontspec)             <->s*[0.9999970359831645]"name:Libertinus
(fontspec)             Sans/B:mode=node;script=latn;language=dflt;+tlig;+smcp;"

(fontspec)             - 'italic' (m/it) with NFSS spec.:
(fontspec)             <->s*[0.9999970359831645]"name:Libertinus
(fontspec)             Sans/I:mode=node;script=latn;language=dflt;+tlig;"
(fontspec)             - 'italic small caps'  (m/scit) with NFSS spec.:
(fontspec)             <->s*[0.9999970359831645]"name:Libertinus
(fontspec)             Sans/I:mode=node;script=latn;language=dflt;+tlig;+smcp;"



Package fontspec Info: 
(fontspec)             Libertinus Sans scale = 0.9326044891640868.


Package fontspec Info: 
(fontspec)             Could not resolve font "Libertinus Sans/BI" (it
(fontspec)             probably doesn't exist).


Package fontspec Info: 
(fontspec)             Libertinus Sans scale = 0.9326044891640868.


Package fontspec Info: 
(fontspec)             Libertinus Sans scale = 0.9326044891640868.


Package fontspec Info: 
(fontspec)             Libertinus Sans/B scale = 0.9999970359831645.


Package fontspec Info: 
(fontspec)             Libertinus Sans/B scale = 0.9999970359831645.


Package fontspec Info: 
(fontspec)             Libertinus Sans/I scale = 0.9999970359831645.


Package fontspec Info: 
(fontspec)             Libertinus Sans/I scale = 0.9999970359831645.


Package fontspec Info: 
(fontspec)             Font family 'LibertinusSans(1)' created for font
(fontspec)             'Libertinus Sans' with options
(fontspec)             [Renderer=Basic,Ligatures=TeX,Scale=MatchLowercase].
(fontspec)              
(fontspec)              This font family consists of the following NFSS
(fontspec)             series/shapes:
(fontspec)              
(fontspec)             - 'normal' (m/n) with NFSS spec.:
(fontspec)             <->s*[0.9326044891640868]"name:Libertinus
(fontspec)             Sans:mode=base;script=latn;language=dflt;+tlig;"
(fontspec)             - 'small caps'  (m/sc) with NFSS spec.:
(fontspec)             <->s*[0.9326044891640868]"name:Libertinus
(fontspec)             Sans:mode=base;script=latn;language=dflt;+tlig;+smcp;"
(fontspec)             - 'bold' (b/n) with NFSS spec.:
(fontspec)             <->s*[0.9999970359831645]"name:Libertinus
(fontspec)             Sans/B:mode=base;script=latn;language=dflt;+tlig;"
(fontspec)             - 'bold small caps'  (b/sc) with NFSS spec.:
(fontspec)             <->s*[0.9999970359831645]"name:Libertinus
(fontspec)             Sans/B:mode=base;script=latn;language=dflt;+tlig;+smcp;"

(fontspec)             - 'italic' (m/it) with NFSS spec.:
(fontspec)             <->s*[0.9999970359831645]"name:Libertinus
(fontspec)             Sans/I:mode=base;script=latn;language=dflt;+tlig;"
(fontspec)             - 'italic small caps'  (m/scit) with NFSS spec.:
(fontspec)             <->s*[0.9999970359831645]"name:Libertinus
(fontspec)             Sans/I:mode=base;script=latn;language=dflt;+tlig;+smcp;"


LaTeX Font Info:    Overwriting math alphabet `\mathsf' in version `normal'
(Font)                  OT1/cmss/m/n --> TU/LibertinusSans(1)/m/n on input line
 85.
LaTeX Font Info:    Overwriting math alphabet `\mathsf' in version `bold'
(Font)                  OT1/cmss/bx/n --> TU/LibertinusSans(1)/b/n on input lin
e 85.

Package fontspec Info: 
(fontspec)             Libertinus Mono scale = 0.8666632415839297.


Package fontspec Info: 
(fontspec)             Could not resolve font "Libertinus Mono/BI" (it
(fontspec)             probably doesn't exist).


Package fontspec Info: 
(fontspec)             Could not resolve font "Libertinus Mono/B" (it probably
(fontspec)             doesn't exist).


Package fontspec Info: 
(fontspec)             Could not resolve font "Libertinus Mono/I" (it probably
(fontspec)             doesn't exist).


Package fontspec Info: 
(fontspec)             Libertinus Mono scale = 0.8666632415839297.


Package fontspec Info: 
(fontspec)             Font family 'LibertinusMono(0)' created for font
(fontspec)             'Libertinus Mono' with options
(fontspec)             [WordSpace={1,0,0},HyphenChar=None,PunctuationSpace=Word
Space,Scale=MatchLowercase].
(fontspec)              
(fontspec)              This font family consists of the following NFSS
(fontspec)             series/shapes:
(fontspec)              
(fontspec)             - 'normal' (m/n) with NFSS spec.:
(fontspec)             <->s*[0.8666632415839297]"name:Libertinus
(fontspec)             Mono:mode=node;script=latn;language=dflt;"


Package fontspec Info: 
(fontspec)             Libertinus Mono scale = 0.8666632415839297.


Package fontspec Info: 
(fontspec)             Could not resolve font "Libertinus Mono/BI" (it
(fontspec)             probably doesn't exist).


Package fontspec Info: 
(fontspec)             Could not resolve font "Libertinus Mono/B" (it probably
(fontspec)             doesn't exist).


Package fontspec Info: 
(fontspec)             Could not resolve font "Libertinus Mono/I" (it probably
(fontspec)             doesn't exist).


Package fontspec Info: 
(fontspec)             Libertinus Mono scale = 0.8666632415839297.


Package fontspec Info: 
(fontspec)             Font family 'LibertinusMono(1)' created for font
(fontspec)             'Libertinus Mono' with options
(fontspec)             [Renderer=Basic,Scale=MatchLowercase].
(fontspec)              
(fontspec)              This font family consists of the following NFSS
(fontspec)             series/shapes:
(fontspec)              
(fontspec)             - 'normal' (m/n) with NFSS spec.:
(fontspec)             <->s*[0.8666632415839297]"name:Libertinus
(fontspec)             Mono:mode=base;script=latn;language=dflt;"

LaTeX Font Info:    Overwriting math alphabet `\mathtt' in version `normal'
(Font)                  OT1/cmtt/m/n --> TU/LibertinusMono(1)/m/n on input line
 85.
LaTeX Font Info:    Overwriting math alphabet `\mathtt' in version `bold'
(Font)                  OT1/cmtt/m/n --> TU/LibertinusMono(1)/b/n on input line
 85.

Package fontspec Info: 
(fontspec)             Could not resolve font "Libertinus Math/B" (it probably
(fontspec)             doesn't exist).


Package fontspec Info: 
(fontspec)             Font family 'LibertinusMath(0)' created for font
(fontspec)             'Libertinus Math' with options
(fontspec)             [Renderer=Basic,BoldItalicFont={},ItalicFont={},SmallCap
sFont={},Script=Math,RawFeature={mathfontdimen=xetex}].
(fontspec)              
(fontspec)              This font family consists of the following NFSS
(fontspec)             series/shapes:
(fontspec)              
(fontspec)             - 'normal' (m/n) with NFSS spec.: <->"name:Libertinus
(fontspec)             Math:mode=base;script=math;language=dflt;mathfontdimen=x
etex;"


Package fontspec Info: 
(fontspec)             Could not resolve font "Libertinus Math/B" (it probably
(fontspec)             doesn't exist).


Package fontspec Info: 
(fontspec)             Font family 'LibertinusMath(1)' created for font
(fontspec)             'Libertinus Math' with options
(fontspec)             [Renderer=Basic,BoldItalicFont={},ItalicFont={},SmallCap
sFont={},Script=Math,SizeFeatures={{Size=10.8-},{Size=8.4-10.8,Font=Libertinus
(fontspec)             Math,Style=MathScript},{Size=-8.4,Font=Libertinus
(fontspec)             Math,Style=MathScriptScript}},RawFeature={mathfontdimen=
xetex}].
(fontspec)              
(fontspec)              This font family consists of the following NFSS
(fontspec)             series/shapes:
(fontspec)              
(fontspec)             - 'normal' (m/n) with NFSS spec.:
(fontspec)             <10.8->"name:Libertinus
(fontspec)             Math:mode=base;script=math;language=dflt;mathfontdimen=x
etex;"<8.4-10.8>"name:Libertinus
(fontspec)             Math:mode=base;script=math;language=dflt;mathfontdimen=x
etex;+ssty=0;"<-8.4>"name:Libertinus
(fontspec)             Math:mode=base;script=math;language=dflt;mathfontdimen=x
etex;+ssty=1;"

LaTeX Font Info:    Encoding `OT1' has changed to `TU' for symbol font
(Font)              `operators' in the math version `normal' on input line 88.
LaTeX Font Info:    Overwriting symbol font `operators' in version `normal'
(Font)                  OT1/cmr/m/n --> TU/LibertinusMath(1)/m/n on input line 
88.
LaTeX Font Info:    Encoding `OT1' has changed to `TU' for symbol font
(Font)              `operators' in the math version `bold' on input line 88.
LaTeX Font Info:    Overwriting symbol font `operators' in version `bold'
(Font)                  OT1/cmr/bx/n --> TU/LibertinusMath(1)/b/n on input line
 88.

Package fontspec Info: 
(fontspec)             Could not resolve font "Libertinus Math/B" (it probably
(fontspec)             doesn't exist).


Package fontspec Info: 
(fontspec)             Font family 'LibertinusMath(2)' created for font
(fontspec)             'Libertinus Math' with options
(fontspec)             [Renderer=Basic,BoldItalicFont={},ItalicFont={},SmallCap
sFont={},Script=Math,SizeFeatures={{Size=10.8-},{Size=8.4-10.8,Font=Libertinus
(fontspec)             Math,Style=MathScript},{Size=-8.4,Font=Libertinus
(fontspec)             Math,Style=MathScriptScript}},RawFeature={mathfontdimen=
xetex},RawFeature={mathfontdimen=tex2}].
(fontspec)              
(fontspec)              This font family consists of the following NFSS
(fontspec)             series/shapes:
(fontspec)              
(fontspec)             - 'normal' (m/n) with NFSS spec.:
(fontspec)             <10.8->"name:Libertinus
(fontspec)             Math:mode=base;script=math;language=dflt;mathfontdimen=x
etex;mathfontdimen=tex2;"<8.4-10.8>"name:Libertinus
(fontspec)             Math:mode=base;script=math;language=dflt;mathfontdimen=x
etex;mathfontdimen=tex2;+ssty=0;"<-8.4>"name:Libertinus
(fontspec)             Math:mode=base;script=math;language=dflt;mathfontdimen=x
etex;mathfontdimen=tex2;+ssty=1;"

LaTeX Font Info:    Encoding `OMS' has changed to `TU' for symbol font
(Font)              `symbols' in the math version `normal' on input line 88.
LaTeX Font Info:    Overwriting symbol font `symbols' in version `normal'
(Font)                  OMS/cmsy/m/n --> TU/LibertinusMath(2)/m/n on input line
 88.
LaTeX Font Info:    Encoding `OMS' has changed to `TU' for symbol font
(Font)              `symbols' in the math version `bold' on input line 88.
LaTeX Font Info:    Overwriting symbol font `symbols' in version `bold'
(Font)                  OMS/cmsy/b/n --> TU/LibertinusMath(2)/b/n on input line
 88.

Package fontspec Info: 
(fontspec)             Could not resolve font "Libertinus Math/B" (it probably
(fontspec)             doesn't exist).


Package fontspec Info: 
(fontspec)             Font family 'LibertinusMath(3)' created for font
(fontspec)             'Libertinus Math' with options
(fontspec)             [Renderer=Basic,BoldItalicFont={},ItalicFont={},SmallCap
sFont={},Script=Math,SizeFeatures={{Size=10.8-},{Size=8.4-10.8,Font=Libertinus
(fontspec)             Math,Style=MathScript},{Size=-8.4,Font=Libertinus
(fontspec)             Math,Style=MathScriptScript}},RawFeature={mathfontdimen=
xetex},RawFeature={mathfontdimen=tex3}].
(fontspec)              
(fontspec)              This font family consists of the following NFSS
(fontspec)             series/shapes:
(fontspec)              
(fontspec)             - 'normal' (m/n) with NFSS spec.:
(fontspec)             <10.8->"name:Libertinus
(fontspec)             Math:mode=base;script=math;language=dflt;mathfontdimen=x
etex;mathfontdimen=tex3;"<8.4-10.8>"name:Libertinus
(fontspec)             Math:mode=base;script=math;language=dflt;mathfontdimen=x
etex;mathfontdimen=tex3;+ssty=0;"<-8.4>"name:Libertinus
(fontspec)             Math:mode=base;script=math;language=dflt;mathfontdimen=x
etex;mathfontdimen=tex3;+ssty=1;"

LaTeX Font Info:    Encoding `OMX' has changed to `TU' for symbol font
(Font)              `largesymbols' in the math version `normal' on input line 8
8.
LaTeX Font Info:    Overwriting symbol font `largesymbols' in version `normal'
(Font)                  OMX/cmex/m/n --> TU/LibertinusMath(3)/m/n on input line
 88.
LaTeX Font Info:    Encoding `OMX' has changed to `TU' for symbol font
(Font)              `largesymbols' in the math version `bold' on input line 88.

LaTeX Font Info:    Overwriting symbol font `largesymbols' in version `bold'
(Font)                  OMX/cmex/m/n --> TU/LibertinusMath(3)/b/n on input line
 88.
)
(/usr/local/texlive/2025/texmf-dist/tex/lualatex/luamml/luamml.sty
Package: luamml 2025-10-20 v0.7.0 Automatically generate presentational MathML 
from LuaTeX math expressions
\l__luamml_flag_int=\count428
\l__luamml_pretty_int=\count429
\tracingmathml=\count430
Lua function RegisterFamilyMapping = 33
Lua function RegisterTextFamily = 34
Inserting `dump_list' in `pre_mlist_to_hlist_filter'.
Lua function luamml_get_last_mathml_stream:e = 35
Lua function luamml_begin_single_file: = 36
Lua function luamml_end_single_file: = 37
Lua function __luamml_register_output_hook:N = 38
Lua function __luamml_disable_output_hook: = 39
Lua function __luamml_annotate_begin: = 40
Lua function __luamml_annotate_end:we = 41
Lua function __luamml_annotate_end:e = 42
Lua function __luamml_annotate_attribute_end:e = 43
Inserting `mathml amsmath processing' in `hpack_filter'.
Lua function __luamml_array_init_col: = 44
Lua function __luamml_array_finalize_col:w = 45
Lua function __luamml_array_save_array: = 46
Lua function __luamml_array_finalize_array: = 47
\l__luamml_amsmath_tag_struct_num_int=\count431

(/usr/local/texlive/2025/texmf-dist/tex/lualatex/luamml/luamml-patches-kernel.s
ty
Package: luamml-patches-kernel 2025-07-20 v0.7.0 Feel free to add a description
 here
)
(/usr/local/texlive/2025/texmf-dist/tex/lualatex/luamml/luamml-patches-amsmath.
sty
Package: luamml-patches-amsmath 2025-10-20 v0.7.0 Feel free to add a descriptio
n here
Lua function __luamml_amsmath_add_last_to_row: = 48
Lua function __luamml_amsmath_add_box_to_row: = 49
Lua function __luamml_amsmath_set_row_columnalign:n = 50
Lua function __luamml_amsmath_save_inner_table:n = 51
Lua function __luamml_amsmath_save_smallmatrix: = 52
Lua function __luamml_amsmath_finalize_inner_table: = 53
Lua function __luamml_amsmath_finalize_table:n = 54
Lua function __luamml_amsmath_save_tag: = 55
Lua function __luamml_amsmath_save_tag_with_struct_elem:N = 56
Lua function __luamml_amsmath_set_tag: = 57)) (./dissertation-main-accessible.a
ux (./front-accessible.aux)
(./Chapter-1/Chapter-1-demo.aux) (./Chapter-2/Chapter-2-demo.aux)
(./Chapter-3/Chapter-3-demo.aux) (./Chapter-4/Chapter-4-demo.aux)
(./Chapter-5/Chapter-5-demo.aux) (./Chapter-6/Chapter-6-demo.aux)
(./Appendix-A/Appendix-A.aux) (./Appendix-B/Appendix-B.aux))
\openout1 = dissertation-main-accessible.aux

LaTeX Font Info:    Checking defaults for OML/cmm/m/it on input line 143.
LaTeX Font Info:    ... okay on input line 143.
LaTeX Font Info:    Checking defaults for OMS/cmsy/m/n on input line 143.
LaTeX Font Info:    ... okay on input line 143.
LaTeX Font Info:    Checking defaults for OT1/cmr/m/n on input line 143.
LaTeX Font Info:    ... okay on input line 143.
LaTeX Font Info:    Checking defaults for T1/cmr/m/n on input line 143.
LaTeX Font Info:    ... okay on input line 143.
LaTeX Font Info:    Checking defaults for TS1/cmr/m/n on input line 143.
LaTeX Font Info:    ... okay on input line 143.
LaTeX Font Info:    Checking defaults for TU/lmr/m/n on input line 143.
LaTeX Font Info:    ... okay on input line 143.
LaTeX Font Info:    Checking defaults for OMX/cmex/m/n on input line 143.
LaTeX Font Info:    ... okay on input line 143.
LaTeX Font Info:    Checking defaults for U/cmr/m/n on input line 143.
LaTeX Font Info:    ... okay on input line 143.
LaTeX Font Info:    Checking defaults for PD1/pdf/m/n on input line 143.
LaTeX Font Info:    ... okay on input line 143.
LaTeX Font Info:    Checking defaults for PU/pdf/m/n on input line 143.
LaTeX Font Info:    ... okay on input line 143.
Inserting `tagpdf' in `pre_shipout_filter'.
Inserting `tagpdf' in `pre_shipout_filter'.
Info: mathml file dissertation-main-accessible-mathml does not exist
Info: reading mathml file dissertation-main-accessible-luamml-mathml
(./dissertation-main-accessible-luamml-mathml.html)
Info: Activating mathml support
(/usr/local/texlive/2025/texmf-dist/tex/context/base/mkii/supp-pdf.mkii
[Loading MPS to PDF converter (version 2006.09.02).]
\scratchcounter=\count432
\scratchdimen=\dimen437
\scratchbox=\box143
\nofMPsegments=\count433
\nofMParguments=\count434
\everyMPshowfont=\toks53
\MPscratchCnt=\count435
\MPscratchDim=\dimen438
\MPnumerator=\count436
\makeMPintoPDFobject=\count437
\everyMPtoPDFconversion=\toks54
) (/usr/local/texlive/2025/texmf-dist/tex/latex/epstopdf-pkg/epstopdf-base.sty
Package: epstopdf-base 2020-01-24 v2.11 Base part for package epstopdf
Package epstopdf-base Info: Redefining graphics rule for `.eps' on input line 4
85.

(/usr/local/texlive/2025/texmf-dist/tex/latex/latexconfig/epstopdf-sys.cfg
File: epstopdf-sys.cfg 2010/07/13 v1.3 Configuration of (r)epstopdf for TeX Liv
e
))
*geometry* driver: auto-detecting
*geometry* detected driver: luatex
*geometry* verbose mode - [ preamble ] result:
* driver: luatex
* paper: <default>
* layout: <same size as paper>
* layoutoffset:(h,v)=(0.0pt,0.0pt)
* modes: includefoot 
* h-part:(L,W,R)=(90.3375pt, 451.68752pt, 72.26999pt)
* v-part:(T,H,B)=(61.42993pt, 672.11012pt, 61.42993pt)
* \paperwidth=614.295pt
* \paperheight=794.96999pt
* \textwidth=451.68752pt
* \textheight=625.3392pt
* \oddsidemargin=18.0675pt
* \evensidemargin=18.0675pt
* \topmargin=-42.71385pt
* \headheight=12.0pt
* \headsep=19.8738pt
* \topskip=12.0pt
* \footskip=46.77092pt
* \marginparwidth=47.0pt
* \marginparsep=7.0pt
* \columnsep=10.0pt
* \skip\footins=10.8pt plus 4.0pt minus 2.0pt
* \hoffset=0.0pt
* \voffset=0.0pt
* \mag=1000
* \@twocolumnfalse
* \@twosidefalse
* \@mparswitchfalse
* \@reversemarginfalse
* (1in=72.27pt=25.4mm, 1cm=28.453pt)

\c@ncsu@appendixtocdepth=\count438
Package caption Info: Begin \AtBeginDocument code.
Package caption Info: hyperref package is loaded.
Package caption Info: longtable package is loaded.
(/usr/local/texlive/2025/texmf-dist/tex/latex/caption/ltcaption.sty
Package: ltcaption 2021/01/08 v1.4c longtable captions (AR)
)
Package caption Info: End \AtBeginDocument code.
Package hyperref Info: Link coloring ON on input line 143.
LaTeX Info: Redefining \microtypecontext on input line 143.
Package microtype Info: Applying patch `item' on input line 143.
Package microtype Info: Applying patch `toc' on input line 143.
Package microtype Info: Applying patch `eqnum' on input line 143.
Package microtype Info: Applying patch `footnote' on input line 143.
Package microtype Info: Applying patch `verbatim' on input line 143.
LaTeX Info: Redefining \microtypesetup on input line 143.
Package microtype Info: Generating PDF output.
Package microtype Info: Character protrusion enabled (level 2).
Package microtype Info: Using default protrusion set `alltext'.
Package microtype Info: Automatic font expansion enabled (level 2),
(microtype)             stretch: 20, shrink: 20, step: 1, non-selected.
Package microtype Info: Using default expansion set `alltext-nott'.
Package microtype Info: Patching command `\showhyphens'.
Package microtype Info: No adjustment of tracking.
Package microtype Info: No adjustment of spacing.
Package microtype Info: No adjustment of kerning.
Package microtype Info: Loading generic protrusion settings for font family
(microtype)             `LibertinusSerif' (encoding: TU).
(microtype)             For optimal results, create family-specific settings.
(microtype)             See the microtype manual for details.
<<sRGB.icc>>
\g__math_luamml_iow=\write5

\openout5 = dissertation-main-accessible-luamml-mathml.html


Package tagpdf Info: luamml has been enabled and will create an MathML file.


\openout2 = front-accessible.aux
(./front-accessible.tex
Underfull \hbox (badness 10000) in paragraph at lines 2--2

 []

LaTeX Font Info:    Font shape `TU/LibertinusMono(0)/m/n' will be
(Font)              scaled to size 10.40002pt on input line 4.
Package microtype Info: Loading generic protrusion settings for font family
(microtype)             `LibertinusMono' (encoding: TU).
(microtype)             For optimal results, create family-specific settings.
(microtype)             See the microtype manual for details.
Package microtype Info: Character `guilsinglleft ' is missing
(microtype)             in font `TU/LibertinusMono(0)/m/n/12'.
(microtype)             Ignoring protrusion settings for this character.
Package microtype Info: Character `guilsinglright ' is missing
(microtype)             in font `TU/LibertinusMono(0)/m/n/12'.
(microtype)             Ignoring protrusion settings for this character.
[1





{/usr/local/texlive/2025/texmf-var/fonts/map/pdftex/updmap/pdftex.map}]
[2]
warning  (pdf backend): ignoring duplicate destination with the name 'page.i'

warning  (pdf backend): ignoring duplicate destination with the name 'page.i'
[1

]
Package microtype Info: Loading generic protrusion settings for font family
(microtype)             `LibertinusMath' (encoding: TU).
(microtype)             For optimal results, create family-specific settings.
(microtype)             See the microtype manual for details.

warning  (pdf backend): ignoring duplicate destination with the name 'page.i'

warning  (pdf backend): ignoring duplicate destination with the name 'page.i'
[1

]
Overfull \hbox (13.63701pt too wide) in paragraph at lines 61--62
[]\TU/LibertinusSerif(0)/m/n/12 Put your own short­cuts, no­ta­tion, and stud
ent-specific pack­ages in \TU/LibertinusMono(0)/m/n/12 student-macros.tex\TU/L
ibertinusSerif(0)/m/n/12 .
 []


Overfull \hbox (14.16656pt too wide) in paragraph at lines 61--62
\TU/LibertinusSerif(0)/m/n/12 For ex­am­ple, if you re­peat­edly use a com
­mand such as \TU/LibertinusMono(0)/m/n/12 \newcommand{\R}{\mathbb{R}}\TU/Libe
rtinusSerif(0)/m/n/12 ,
 []


Overfull \hbox (37.74461pt too wide) in paragraph at lines 64--65
[]\TU/LibertinusSerif(0)/m/n/12 You should usu­ally not edit sup­port files su
ch as \TU/LibertinusMono(0)/m/n/12 ncsuthesis.cls\TU/LibertinusSerif(0)/m/n/12 
, \TU/LibertinusMono(0)/m/n/12 ncsu-accessibility.sty\TU/LibertinusSerif(0)/m/n
/12 ,
 []


warning  (pdf backend): ignoring duplicate destination with the name 'page.ii'

warning  (pdf backend): ignoring duplicate destination with the name 'page.ii'
[2


] [3]
Overfull \hbox (11.57156pt too wide) in paragraph at lines 95--95
[]    \TU/LibertinusMono(0)/m/n/12 alt={Briefly describe the important visual co
ntent of the figure.}[] 
 []


Overfull \hbox (38.19565pt too wide) in paragraph at lines 95--95
[]  \TU/LibertinusMono(0)/m/n/12 \caption{Caption explaining how the figure is 
used in the dissertation.}[] 
 []

[4


]
Overfull \hbox (729.75624pt too wide) in paragraph at lines 109--109
[]\TU/LibertinusMono(0)/m/n/12 \caption[The Pythagorean Theorem]{The Pythagorean
 Theorem says \(a^2 + b^2 = c^2.\) (The first part in square brackets appears in
 the TOC, the second part in the thesis itself.)} 
 []

[5] [6


]
Overfull \hbox (9.06566pt too wide) in paragraph at lines 153--154
[]\TU/LibertinusSerif(0)/m/n/12 For rou­tine writ­ing and edit­ing, the ac
­ces­si­bil­ity meta­data block at the top of \TU/LibertinusMono(0)/m/n/12
 dissertation-
 []


Overfull \hbox (0.58913pt too wide) in paragraph at lines 163--163
[]\TU/LibertinusMono(0)/m/n/12 Please explain what the errors mean, which ones 
are likely caused by[] 
 []

[7] [8] (./dissertation-main-accessible.toc [9


])
\tf@toc=\write6

\openout6 = dissertation-main-accessible.toc
 [10]
(./dissertation-main-accessible.lot)
\tf@lot=\write7

\openout7 = dissertation-main-accessible.lot
 [11


] (./dissertation-main-accessible.lof
Overfull \hbox (15.60536pt too wide) in paragraph at lines 5--5
 [][] [][][]\TU/LibertinusSerif(0)/m/n/12 A sim­pli­fied re­ac­tion scheme 
for re­duc­ing ace­tophe­none to 1-phenylethanol. 
 []

)
\tf@lof=\write8

\openout8 = dissertation-main-accessible.lof
 [12


]) [13


]
\openout2 = Chapter-1/Chapter-1-demo.aux
 (./Chapter-1/Chapter-1-demo.tex
Chapter 1.
[1





] [2]
Floatstructure:967
[3]
Floatstructure:1219

Package natbib Warning: Citation `kiladis2006three' on page 4 undefined on inpu
t line 160.


Package natbib Warning: Citation `tomassini2017interaction' on page 4 undefined
 on input line 160.

[4]

Package tagpdf Warning: Parent-Child 'mathml:mo' --> 'mathml:math'.
(tagpdf)                Relation is not allowed! on line 13
(tagpdf)                struct 1387, mo --> struct 1388, math


Package tagpdf Warning: structure with label 1333 has already been used


Package tagpdf Warning: Parent-Child 'mathml:mo' --> 'mathml:math'.
(tagpdf)                Relation is not allowed! on line 19
(tagpdf)                struct 1398, mo --> struct 1399, math


Package tagpdf Warning: structure with label 1355 has already been used


Package tagpdf Warning: Parent-Child 'mathml:mo' --> 'mathml:math'.
(tagpdf)                Relation is not allowed! on line 19
(tagpdf)                struct 1508, mo --> struct 1509, math


Package tagpdf Warning: structure with label 1452 has already been used


Package tagpdf Warning: Parent-Child 'mathml:mo' --> 'mathml:math'.
(tagpdf)                Relation is not allowed! on line 19
(tagpdf)                struct 1519, mo --> struct 1520, math


Package tagpdf Warning: structure with label 1474 has already been used

[5]

Package tagpdf Warning: Parent-Child 'mathml:mo' --> 'mathml:math'.
(tagpdf)                Relation is not allowed! on line 19
(tagpdf)                struct 1677, mo --> struct 1678, math


Package tagpdf Warning: structure with label 1632 has already been used

Floatstructure:1707
[6] [7]) [8]
\openout2 = Chapter-2/Chapter-2-demo.aux
 (./Chapter-2/Chapter-2-demo.tex
Chapter 2.
Floatstructure:2014
[9




]
Floatstructure:2048

Underfull \hbox (badness 7186) in paragraph at lines 65--65
[]|$\TU/LibertinusMath(1)/m/n/12 0[][]$ \TU/LibertinusSerif(0)/m/n/12 to room
 []

[10]
Floatstructure:2187

Underfull \hbox (badness 10000) in paragraph at lines 88--88
[]|\TU/LibertinusSerif(0)/m/n/12 In­frared spec­
 []


Underfull \hbox (badness 10000) in paragraph at lines 89--89
[]|\TU/LibertinusSerif(0)/m/n/12 High-resolution
 []

[11] [12]) [13]
\openout2 = Chapter-3/Chapter-3-demo.aux
 (./Chapter-3/Chapter-3-demo.tex
Chapter 3.
[14




]

Package tagpdf Warning: Parent-Child 'mathml:mo' --> 'mathml:math'.
(tagpdf)                Relation is not allowed! on line 19
(tagpdf)                struct 2542, mo --> struct 2543, math


Package tagpdf Warning: structure with label 2497 has already been used


Package tagpdf Warning: Parent-Child 'mathml:mo' --> 'mathml:math'.
(tagpdf)                Relation is not allowed! on line 13
(tagpdf)                struct 2588, mo --> struct 2589, math


Package tagpdf Warning: structure with label 2564 has already been used

[15]
Floatstructure:2814
[16]
Floatstructure:2861
[17]
Floatstructure:2930
Package epstopdf Info: Source file: <Chapter-1/figs/gfgnge_vs_year.eps>
(epstopdf)                    date: 2026-04-29 20:11:26
(epstopdf)                    size: 711026 bytes
(epstopdf)             Output file: <Chapter-1/figs/gfgnge_vs_year-eps-converte
d-to.pdf>
(epstopdf)                    date: 2026-05-02 19:59:43
(epstopdf)                    size: 162237 bytes
(epstopdf)             Command: <repstopdf --outfile=Chapter-1/figs/gfgnge_vs_y
ear-eps-converted-to.pdf Chapter-1/figs/gfgnge_vs_year.eps>
(epstopdf)             \includegraphics on input line 157.
Package epstopdf Info: Output file is already uptodate.
<Chapter-1/figs/gfgnge_vs_year-eps-converted-to.pdf, id=4084, 542.025pt x 542.0
25pt>
File: Chapter-1/figs/gfgnge_vs_year-eps-converted-to.pdf Graphic file (type pdf
)
<use Chapter-1/figs/gfgnge_vs_year-eps-converted-to.pdf>
Package luatex.def Info: Chapter-1/figs/gfgnge_vs_year-eps-converted-to.pdf  us
ed on input line 157.
(luatex.def)             Requested size: 451.68752pt x 395.46939pt.
[18<./Chapter-1/figs/gfgnge_vs_year-eps-converted-to.pdf>]) [19]
\openout2 = Chapter-4/Chapter-4-demo.aux

(./Chapter-4/Chapter-4-demo.tex
Chapter 4.
Floatstructure:2988
<Chapter-1/figs/Damage.png, id=4172, 986.9372pt x 724.95844pt>
File: Chapter-1/figs/Damage.png Graphic file (type png)
<use Chapter-1/figs/Damage.png>
Package luatex.def Info: Chapter-1/figs/Damage.png  used on input line 19.
(luatex.def)             Requested size: 451.68752pt x 331.79245pt.
Floatstructure:3001
[20




] [21<./Chapter-1/figs/Damage.png>]
Floatstructure:3106
[22] [23]) [24]
\openout2 = Chapter-5/Chapter-5-demo.aux
 (./Chapter-5/Chapter-5-demo.tex
Chapter 5.
[25




] [26] [27] [28]
Floatstructure:3691
[29]
Floatstructure:3787
[30]) [31]
\openout2 = Chapter-6/Chapter-6-demo.aux
 (./Chapter-6/Chapter-6-demo.tex
Chapter 6.
[32




]) [33] (./dissertation-main-accessible.bbl) [34



] [35


]
\openout2 = Appendix-A/Appendix-A.aux

(./Appendix-A/Appendix-A.tex
Appendix A.
./Appendix-A/Appendix-A.tex:38: Infinite glue shrinkage found in box being split
 [36



]) [37]
\openout2 = Appendix-B/Appendix-B.aux
 (./Appendix-B/Appendix-B.tex
Appendix B.
./Appendix-B/Appendix-B.tex:37: Infinite glue shrinkage found in box being split
 [38




]) [39]

Package natbib Warning: There were undefined citations.

<<latex-list-css.html>><<latex-align-css.html>>
(./dissertation-main-accessible.aux (./front-accessible.aux)
(./Chapter-1/Chapter-1-demo.aux) (./Chapter-2/Chapter-2-demo.aux)
(./Chapter-3/Chapter-3-demo.aux) (./Chapter-4/Chapter-4-demo.aux)
(./Chapter-5/Chapter-5-demo.aux) (./Chapter-6/Chapter-6-demo.aux)
(./Appendix-A/Appendix-A.aux) (./Appendix-B/Appendix-B.aux))
 ***********
LaTeX2e <2025-11-01>
L3 programming layer <2025-12-29>
 ***********


LaTeX Warning: Label(s) may have changed. Rerun to get cross-references right.

MathML statistic
================
==> 172 MathML fragments read
==> 126 different MathML fragments
==> 172 math fragments found
==> 172 fitting MathML AF found
==> 172 MathML AF attached

Package tagpdf Info: Finalizing the tagging structure:
(tagpdf)             Writing out ~4093 structure objects
(tagpdf)             with ~3114 'MC' leaf nodes.
(tagpdf)             Be patient if there are lots of objects!

Package tagpdf Info: writing ParentTree
Package tagpdf Info: writing IDTree
Package tagpdf Info: writing RoleMap
Package tagpdf Info: writing ClassMap
Package tagpdf Info: writing NameSpaces
Package tagpdf Info: writing StructElems
Package tagpdf Info: writing Root
)

Here is how much of LuaTeX's memory you used:
 52287 strings out of 476081
 125240,2848258 words of node,token memory allocated
 1225 words of node memory still in use:
   8 hlist, 2 vlist, 2 rule, 1 local_par, 4 glue, 4 kern, 1 penalty, 1 margin_ke
rn, 4 glyph, 195 attribute, 83 glue_spec, 71 attribute_list, 5 write nodes
   avail lists: 1:3,2:9001,3:1821,4:365,5:495,6:130,7:7872,8:61,9:667,10:10,11:5
59
 72919 multiletter control sequences out of 65536+600000
 91 fonts using 31555475 bytes
 161i,12n,118p,1208b,1296s stack positions out of 10000i,1000n,20000p,200000b,200000s
</usr/local/texlive/2025/texmf-dist/fonts/opentype/public/libertinus-fonts/Liber
tinusSerif-Regular.otf></usr/local/texlive/2025/texmf-dist/fonts/opentype/public
/libertinus-fonts/LibertinusSerif-Italic.otf></usr/local/texlive/2025/texmf-dist
/fonts/opentype/public/libertinus-fonts/LibertinusMath-Regular.otf></usr/local/t
exlive/2025/texmf-dist/fonts/opentype/public/libertinus-fonts/LibertinusSerif-Bo
ld.otf></usr/local/texlive/2025/texmf-dist/fonts/opentype/public/libertinus-font
s/LibertinusMath-Regular.otf></usr/local/texlive/2025/texmf-dist/fonts/opentype/
public/libertinus-fonts/LibertinusMono-Regular.otf></usr/local/texlive/2025/texm
f-dist/fonts/opentype/public/libertinus-fonts/LibertinusSerif-Regular.otf></usr/
local/texlive/2025/texmf-dist/fonts/opentype/public/libertinus-fonts/LibertinusS
erif-Bold.otf>
Output written on dissertation-main-accessible.pdf (55 pages, 2177153 bytes).

PDF statistics: 5875 PDF objects out of 6186 (max. 8388607)
 5494 compressed objects within 55 object streams
 251 named destinations out of 1000 (max. 131072)
 23900 words of extra memory for PDF output out of 24413 (max. 100000000)

